url,filing_uuid,filing_type,filing_type_display,filing_year,filing_period,filing_period_display,filing_document_url,filing_document_content_type,income,expenses,expenses_method,expenses_method_display,posted_by_name,dt_posted,termination_date,registrant_country,registrant_ppb_country,registrant_address_1,registrant_address_2,registrant_different_address,registrant_city,registrant_state,registrant_zip,registrant,client,lobbying_activities,conviction_disclosures,foreign_entities,affiliated_organizations,issue_codes,i_AGR,i_LAW,i_ANI,i_DEF,i_HOM,i_ENV,i_RES,i_FIN,i_BUD,i_DIS,i_LBR,i_GOV,i_TRD,i_ENG,i_VET,i_FOO,i_CHM,i_IMM,i_NAT,i_NUMBER,i_EMPTY,c_id,c_url,c_client_id,c_name,c_general_description,c_client_government_entity,c_client_self_select,c_state,c_state_display,c_country,c_country_display,c_ppb_state,c_ppb_state_display,c_ppb_country,c_ppb_country_display,c_effective_date,r_id,r_url,r_house_registrant_id,r_name,r_description,r_address_1,r_address_2,r_address_3,r_address_4,r_city,r_state,r_state_display,r_zip,r_country,r_country_display,r_ppb_country,r_ppb_country_display,r_contact_name,r_contact_telephone,r_dt_updated
https://lda.senate.gov/api/v1/filings/0025eed5-9535-4f52-9b31-025d1accbbdc/,0025eed5-9535-4f52-9b31-025d1accbbdc,2@,2nd Quarter - Termination Amendment,2017,second_quarter,2nd Quarter (Apr 1 - June 30),https://lda.senate.gov/filings/public/filing/0025eed5-9535-4f52-9b31-025d1accbbdc/print/,text/html,20000.0,,,,Chris Heyde,2017-06-29T15:32:00.317000-04:00,2017-06-23,United States of America,,"2202 18th Street, NW",#217,True,Washington,DC,20009,"{'id': 401104417, 'url': 'https://lda.senate.gov/api/v1/registrants/401104417/', 'house_registrant_id': 401104417, 'name': 'BLUE MARBLE STRATEGY LLC', 'description': 'Consulting and government relations', 'address_1': '1629 K St. N.W.', 'address_2': 'Suite 300', 'address_3': None, 'address_4': None, 'city': 'Washington', 'state': 'DC', 'state_display': 'District of Columbia', 'zip': '20006', 'country': 'US', 'country_display': 'United States of America', 'ppb_country': 'US', 'ppb_country_display': 'United States of America', 'contact_name': 'CHRIS HEYDE', 'contact_telephone': '+1 202-423-8689', 'dt_updated': '2023-12-27T15:49:24.184351-05:00'}","{'id': 201748, 'url': 'https://lda.senate.gov/api/v1/clients/201748/', 'client_id': 12, 'name': 'BEAGLE FREEDOM PROJECT', 'general_description': 'Animal Protection, Beagle Freedom Bill', 'client_government_entity': False, 'client_self_select': None, 'state': 'CA', 'state_display': 'California', 'country': 'US', 'country_display': 'United States of America', 'ppb_state': 'CA', 'ppb_state_display': 'California', 'ppb_country': 'US', 'ppb_country_display': 'United States of America', 'effective_date': '2017-04-17'}","[{'general_issue_code': 'ANI', 'general_issue_code_display': 'Animals', 'description': 'Beagle Freedom Bill', 'foreign_entity_issues': '', 'lobbyists': [{'lobbyist': {'id': 68525, 'prefix': None, 'prefix_display': None, 'first_name': 'CHRISTOPHER', 'nickname': None, 'middle_name': None, 'last_name': 'HEYDE', 'suffix': None, 'suffix_display': None}, 'covered_position': None, 'new': False}], 'government_entities': []}]",[],[],[],['ANI'],0,0,1,0,0,0,0,0,0,0,0,0,0,0,0,0,0,0,0,1,0,201748,https://lda.senate.gov/api/v1/clients/201748/,12,BEAGLE FREEDOM PROJECT,"Animal Protection, Beagle Freedom Bill",False,,CA,California,US,United States of America,CA,California,US,United States of America,2017-04-17,401104417,https://lda.senate.gov/api/v1/registrants/401104417/,401104417,BLUE MARBLE STRATEGY LLC,Consulting and government relations,1629 K St. N.W.,Suite 300,,,Washington,DC,District of Columbia,20006,US,United States of America,US,United States of America,CHRIS HEYDE,+1 202-423-8689,2023-12-27T15:49:24.184351-05:00
https://lda.senate.gov/api/v1/filings/835b0180-f9ce-479b-b118-963b05a8307e/,835b0180-f9ce-479b-b118-963b05a8307e,2@,2nd Quarter - Termination Amendment,2017,second_quarter,2nd Quarter (Apr 1 - June 30),https://lda.senate.gov/filings/public/filing/835b0180-f9ce-479b-b118-963b05a8307e/print/,text/html,12000.0,,,,Jackie Whiffin,2017-07-12T13:25:18.953000-04:00,2017-04-30,United States of America,,2261 Brookhollow Plaza Drive,Suite 211,False,Arlington,TX,76006,"{'id': 401103484, 'url': 'https://lda.senate.gov/api/v1/registrants/401103484/', 'house_registrant_id': 401103484, 'name': 'JACKSON VAUGHN PUBLIC STRATEGIES', 'description': 'Consulting', 'address_1': '2261 Brookhollow Plaza Drive', 'address_2': 'Suite 211', 'address_3': None, 'address_4': None, 'city': 'Arlington', 'state': 'TX', 'state_display': 'Texas', 'zip': '76006', 'country': 'US', 'country_display': 'United States of America', 'ppb_country': 'US', 'ppb_country_display': 'United States of America', 'contact_name': 'JACKIE WHIFFIN', 'contact_telephone': '+1 817-533-4215', 'dt_updated': '2022-04-06T16:07:55.132196-04:00'}","{'id': 199010, 'url': 'https://lda.senate.gov/api/v1/clients/199010/', 'client_id': 48, 'name': 'THE COALITION FOR INVESTOR CHOICE, INC.', 'general_description': 'Financial services', 'client_government_entity': False, 'client_self_select': None, 'state': 'DC', 'state_display': 'District of Columbia', 'country': 'US', 'country_display': 'United States of America', 'ppb_state': 'DC', 'ppb_state_display': 'District of Columbia', 'ppb_country': 'US', 'ppb_country_display': 'United States of America', 'effective_date': '2016-07-01'}","[{'general_issue_code': 'FIN', 'general_issue_code_display': 'Financial Institutions/Investments/Securities', 'description': 'Consult on financial services issues for payment industry', 'foreign_entity_issues': '', 'lobbyists': [{'lobbyist': {'id': 61546, 'prefix': None, 'prefix_display': None, 'first_name': 'MARY', 'nickname': None, 'middle_name': 'L', 'last_name': 'JACKSON', 'suffix': None, 'suffix_display': None}, 'covered_position': None, 'new': False}], 'government_entities': []}]",[],[],[],['FIN'],0,0,0,0,0,0,0,1,0,0,0,0,0,0,0,0,0,0,0,1,0,199010,https://lda.senate.gov/api/v1/clients/199010/,48,"THE COALITION FOR INVESTOR CHOICE, INC.",Financial services,False,,DC,District of Columbia,US,United States of America,DC,District of Columbia,US,United States of America,2016-07-01,401103484,https://lda.senate.gov/api/v1/registrants/401103484/,401103484,JACKSON VAUGHN PUBLIC STRATEGIES,Consulting,2261 Brookhollow Plaza Drive,Suite 211,,,Arlington,TX,Texas,76006,US,United States of America,US,United States of America,JACKIE WHIFFIN,+1 817-533-4215,2022-04-06T16:07:55.132196-04:00
https://lda.senate.gov/api/v1/filings/30edcbb3-be90-4d8b-9acc-4057493e3ddf/,30edcbb3-be90-4d8b-9acc-4057493e3ddf,2@,2nd Quarter - Termination Amendment,2017,second_quarter,2nd Quarter (Apr 1 - June 30),https://lda.senate.gov/filings/public/filing/30edcbb3-be90-4d8b-9acc-4057493e3ddf/print/,text/html,,,,,Tobyn J. Anderson,2017-07-17T15:50:57.697000-04:00,2017-04-01,United States of America,,1426 Swann Street NW,,False,Washington,DC,20009,"{'id': 400989820, 'url': 'https://lda.senate.gov/api/v1/registrants/400989820/', 'house_registrant_id': 400989820, 'name': 'EDGE HILL GROUP (FORMERLY KNOWN AS MR. TOBYN ANDERSON)', 'description': 'Government and public affairs.', 'address_1': '1426 Swann Street NW', 'address_2': None, 'address_3': None, 'address_4': None, 'city': 'Washington', 'state': 'DC', 'state_display': 'District of Columbia', 'zip': '20009', 'country': 'US', 'country_display': 'United States of America', 'ppb_country': 'US', 'ppb_country_display': 'United States of America', 'contact_name': 'TOBYN ANDERSON', 'contact_telephone': '+1 202-302-1069', 'dt_updated': '2022-04-06T16:08:08.663597-04:00'}","{'id': 196713, 'url': 'https://lda.senate.gov/api/v1/clients/196713/', 'client_id': 36, 'name': 'PLAYMAKER STRATEGIES, LLC (ON BEHALF OF GENSCAPE INC.)', 'general_description': 'Government and public affairs.', 'client_government_entity': False, 'client_self_select': None, 'state': 'DC', 'state_display': 'District of Columbia', 'country': 'US', 'country_display': 'United States of America', 'ppb_state': 'DC', 'ppb_state_display': 'District of Columbia', 'ppb_country': 'US', 'ppb_country_display': 'United States of America', 'effective_date': '2017-01-03'}","[{'general_issue_code': 'ENG', 'general_issue_code_display': 'Energy/Nuclear', 'description': 'Adaption of innovative electric transmission technologies.', 'foreign_entity_issues': '', 'lobbyists': [{'lobbyist': {'id': 57424, 'prefix': 'mr', 'prefix_display': 'MR.', 'first_name': 'TOBYN', 'nickname': None, 'middle_name': 'J', 'last_name': 'ANDERSON', 'suffix': None, 'suffix_display': None}, 'covered_position': None, 'new': False}], 'government_entities': [{'id': 33, 'name': 'Energy, Dept of'}, {'id': 197, 'name': 'Federal Energy Regulatory Commission (FERC)'}, {'id': 2, 'name': 'HOUSE OF REPRESENTATIVES'}]}]",[],[],[],['ENG'],0,0,0,0,0,0,0,0,0,0,0,0,0,1,0,0,0,0,0,1,0,196713,https://lda.senate.gov/api/v1/clients/196713/,36,"PLAYMAKER STRATEGIES, LLC (ON BEHALF OF GENSCAPE INC.)",Government and public affairs.,False,,DC,District of Columbia,US,United States of America,DC,District of Columbia,US,United States of America,2017-01-03,400989820,https://lda.senate.gov/api/v1/registrants/400989820/,400989820,EDGE HILL GROUP (FORMERLY KNOWN AS MR. TOBYN ANDERSON),Government and public affairs.,1426 Swann Street NW,,,,Washington,DC,District of Columbia,20009,US,United States of America,US,United States of America,TOBYN ANDERSON,+1 202-302-1069,2022-04-06T16:08:08.663597-04:00
https://lda.senate.gov/api/v1/filings/079f2af5-028b-4e4f-b44e-1cb8be68c969/,079f2af5-028b-4e4f-b44e-1cb8be68c969,2@,2nd Quarter - Termination Amendment,2017,second_quarter,2nd Quarter (Apr 1 - June 30),https://lda.senate.gov/filings/public/filing/079f2af5-028b-4e4f-b44e-1cb8be68c969/print/,text/html,30000.0,,,,Abbi Stuaan Cawley,2017-07-20T14:02:35.373000-04:00,2017-06-30,United States of America,,"1110 Vermont Avenue, NW",Suite 1000,False,Washington,DC,20005,"{'id': 400532589, 'url': 'https://lda.senate.gov/api/v1/registrants/400532589/', 'house_registrant_id': 400532589, 'name': 'PRIME POLICY GROUP', 'description': 'Government relations', 'address_1': '1801 K Street NW', 'address_2': 'Suite 9000', 'address_3': None, 'address_4': None, 'city': 'Washington', 'state': 'DC', 'state_display': 'District of Columbia', 'zip': '20006', 'country': 'US', 'country_display': 'United States of America', 'ppb_country': 'US', 'ppb_country_display': 'United States of America', 'contact_name': 'ABBI SOTHMANN', 'contact_telephone': '+1 202-530-4574', 'dt_updated': '2024-01-31T12:00:48.004539-05:00'}","{'id': 192450, 'url': 'https://lda.senate.gov/api/v1/clients/192450/', 'client_id': 1507, 'name': 'INTERNATIONAL DAIRY FOODS ASSOCIATION', 'general_description': 'Association representing dairy manufacturing, marketing industries and their suppliers', 'client_government_entity': False, 'client_self_select': None, 'state': 'DC', 'state_display': 'District of Columbia', 'country': 'US', 'country_display': 'United States of America', 'ppb_state': 'DC', 'ppb_state_display': 'District of Columbia', 'ppb_country': 'US', 'ppb_country_display': 'United States of America', 'effective_date': '2017-02-01'}","[{'general_issue_code': 'TRD', 'general_issue_code_display': 'Trade (domestic/foreign)', 'description': 'NAFTA', 'foreign_entity_issues': '', 'lobbyists': [{'lobbyist': {'id': 51723, 'prefix': None, 'prefix_display': None, 'first_name': 'CHARLES', 'nickname': None, 'middle_name': None, 'last_name': 'BLACK', 'suffix': None, 'suffix_display': None}, 'covered_position': None, 'new': False}, {'lobbyist': {'id': 138644, 'prefix': 'ms', 'prefix_display': 'MS.', 'first_name': 'ABBIGAIL', 'nickname': None, 'middle_name': None, 'last_name': 'STUAAN SOTHMANN', 'suffix': None, 'suffix_display': None}, 'covered_position': None, 'new': False}], 'government_entities': [{'id': 2, 'name': 'HOUSE OF REPRESENTATIVES'}, {'id': 1, 'name': 'SENATE'}, {'id': 22, 'name': 'U.S. Trade Representative (USTR)'}, {'id': 12, 'name': 'White House Office'}]}, {'general_issue_code': 'AGR', 'general_issue_code_display': 'Agriculture', 'description': 'NAFTA', 'foreign_entity_issues': '', 'lobbyists': [{'lobbyist': {'id': 51723, 'prefix': None, 'prefix_display': None, 'first_name': 'CHARLES', 'nickname': None, 'middle_name': None, 'last_name': 'BLACK', 'suffix': None, 'suffix_display': None}, 'covered_position': None, 'new': False}], 'government_entities': [{'id': 2, 'name': 'HOUSE OF REPRESENTATIVES'}, {'id': 1, 'name': 'SENATE'}, {'id': 22, 'name': 'U.S. Trade Representative (USTR)'}, {'id': 12, 'name': 'White House Office'}]}]",[],[],[],"['TRD', 'AGR']",1,0,0,0,0,0,0,0,0,0,0,0,1,0,0,0,0,0,0,2,0,192450,https://lda.senate.gov/api/v1/clients/192450/,1507,INTERNATIONAL DAIRY FOODS ASSOCIATION,"Association representing dairy manufacturing, marketing industries and their suppliers",False,,DC,District of Columbia,US,United States of America,DC,District of Columbia,US,United States of America,2017-02-01,400532589,https://lda.senate.gov/api/v1/registrants/400532589/,400532589,PRIME POLICY GROUP,Government relations,1801 K Street NW,Suite 9000,,,Washington,DC,District of Columbia,20006,US,United States of America,US,United States of America,ABBI SOTHMANN,+1 202-530-4574,2024-01-31T12:00:48.004539-05:00
https://lda.senate.gov/api/v1/filings/cfbd07a6-2ef2-4197-9a6a-14e2e50c7f56/,cfbd07a6-2ef2-4197-9a6a-14e2e50c7f56,2@,2nd Quarter - Termination Amendment,2017,second_quarter,2nd Quarter (Apr 1 - June 30),https://lda.senate.gov/filings/public/filing/cfbd07a6-2ef2-4197-9a6a-14e2e50c7f56/print/,text/html,150000.0,,,,John C. Brown,2017-07-21T16:02:20.050000-04:00,2017-05-25,United States of America,,"1523 New Hampshire Avenue, NW",,False,Washington,DC,20036,"{'id': 53755, 'url': 'https://lda.senate.gov/api/v1/registrants/53755/', 'house_registrant_id': 34993, 'name': 'COOPER & KIRK, PLLC', 'description': 'Law Firm', 'address_1': '1523 New Hampshire Avenue, NW', 'address_2': None, 'address_3': None, 'address_4': None, 'city': 'Washington', 'state': 'DC', 'state_display': 'District of Columbia', 'zip': '20036', 'country': 'US', 'country_display': 'United States of America', 'ppb_country': 'US', 'ppb_country_display': 'United States of America', 'contact_name': 'JOHN C. BROWN', 'contact_telephone': '+1 202-220-9668', 'dt_updated': '2022-04-06T16:08:22.951889-04:00'}","{'id': 158488, 'url': 'https://lda.senate.gov/api/v1/clients/158488/', 'client_id': 87, 'name': 'COALITION TO STOP INTERNET GAMBLING', 'general_description': 'Advocacy Group', 'client_government_entity': False, 'client_self_select': None, 'state': 'DC', 'state_display': 'District of Columbia', 'country': 'US', 'country_display': 'United States of America', 'ppb_state': 'DC', 'ppb_state_display': 'District of Columbia', 'ppb_country': 'US', 'ppb_country_display': 'United States of America', 'effective_date': '2017-05-01'}","[{'general_issue_code': 'LAW', 'general_issue_code_display': 'Law Enforcement/Crime/Criminal Justice', 'description': 'Asking the Department of Justice to revisit its interpretation of the Wire Act.', 'foreign_entity_issues': '', 'lobbyists': [{'lobbyist': {'id': 55135, 'prefix': 'mr', 'prefix_display': 'MR.', 'first_name': 'CHARLES', 'nickname': None, 'middle_name': 'J', 'last_name': 'COOPER', 'suffix': None, 'suffix_display': None}, 'covered_position': None, 'new': False}], 'government_entities': [{'id': 37, 'name': 'Justice, Dept of (DOJ)'}]}]",[],[],[],['LAW'],0,1,0,0,0,0,0,0,0,0,0,0,0,0,0,0,0,0,0,1,0,158488,https://lda.senate.gov/api/v1/clients/158488/,87,COALITION TO STOP INTERNET GAMBLING,Advocacy Group,False,,DC,District of Columbia,US,United States of America,DC,District of Columbia,US,United States of America,2017-05-01,53755,https://lda.senate.gov/api/v1/registrants/53755/,34993,"COOPER & KIRK, PLLC",Law Firm,"1523 New Hampshire Avenue, NW",,,,Washington,DC,District of Columbia,20036,US,United States of America,US,United States of America,JOHN C. BROWN,+1 202-220-9668,2022-04-06T16:08:22.951889-04:00
https://lda.senate.gov/api/v1/filings/063c2087-8d2c-4f2a-a4b9-5fb98c91e241/,063c2087-8d2c-4f2a-a4b9-5fb98c91e241,2@,2nd Quarter - Termination Amendment,2017,second_quarter,2nd Quarter (Apr 1 - June 30),https://lda.senate.gov/filings/public/filing/063c2087-8d2c-4f2a-a4b9-5fb98c91e241/print/,text/html,30000.0,,,,John C. Brown,2017-07-21T16:04:23.957000-04:00,2017-05-31,United States of America,,"1523 New Hampshire Avenue, NW",,False,Washington,DC,20036,"{'id': 53755, 'url': 'https://lda.senate.gov/api/v1/registrants/53755/', 'house_registrant_id': 34993, 'name': 'COOPER & KIRK, PLLC', 'description': 'Law Firm', 'address_1': '1523 New Hampshire Avenue, NW', 'address_2': None, 'address_3': None, 'address_4': None, 'city': 'Washington', 'state': 'DC', 'state_display': 'District of Columbia', 'zip': '20036', 'country': 'US', 'country_display': 'United States of America', 'ppb_country': 'US', 'ppb_country_display': 'United States of America', 'contact_name': 'JOHN C. BROWN', 'contact_telephone': '+1 202-220-9668', 'dt_updated': '2022-04-06T16:08:22.951889-04:00'}","{'id': 158494, 'url': 'https://lda.senate.gov/api/v1/clients/158494/', 'client_id': 101, 'name': 'INSEEGO CORPORATION', 'general_description': 'Global telematics', 'client_government_entity': False, 'client_self_select': None, 'state': 'CA', 'state_display': 'California', 'country': 'US', 'country_display': 'United States of America', 'ppb_state': 'CA', 'ppb_state_display': 'California', 'ppb_country': 'US', 'ppb_country_display': 'United States of America', 'effective_date': '2017-05-01'}","[{'general_issue_code': 'HOM', 'general_issue_code_display': 'Homeland Security', 'description': 'Seek CFIUS approval of proposed sale of a product line.', 'foreign_entity_issues': '', 'lobbyists': [{'lobbyist': {'id': 55135, 'prefix': 'mr', 'prefix_display': 'MR.', 'first_name': 'CHARLES', 'nickname': None, 'middle_name': 'J', 'last_name': 'COOPER', 'suffix': None, 'suffix_display': None}, 'covered_position': None, 'new': False}, {'lobbyist': {'id': 21551, 'prefix': None, 'prefix_display': None, 'first_name': 'DAVID', 'nickname': None, 'middle_name': 'H', 'last_name': 'THOMPSON', 'suffix': None, 'suffix_display': None}, 'covered_position': None, 'new': False}], 'government_entities': [{'id': 37, 'name': 'Justice, Dept of (DOJ)'}, {'id': 41, 'name': 'Treasury, Dept of'}]}, {'general_issue_code': 'LAW', 'general_issue_code_display': 'Law Enforcement/Crime/Criminal Justice', 'description': 'Seek CFIUS approval of proposed sale of a product line.', 'foreign_entity_issues': '', 'lobbyists': [{'lobbyist': {'id': 55135, 'prefix': 'mr', 'prefix_display': 'MR.', 'first_name': 'CHARLES', 'nickname': None, 'middle_name': 'J', 'last_name': 'COOPER', 'suffix': None, 'suffix_display': None}, 'covered_position': None, 'new': False}, {'lobbyist': {'id': 21551, 'prefix': None, 'prefix_display': None, 'first_name': 'DAVID', 'nickname': None, 'middle_name': 'H', 'last_name': 'THOMPSON', 'suffix': None, 'suffix_display': None}, 'covered_position': None, 'new': False}], 'government_entities': [{'id': 37, 'name': 'Justice, Dept of (DOJ)'}, {'id': 41, 'name': 'Treasury, Dept of'}]}]",[],[],[],"['HOM', 'LAW']",0,1,0,0,1,0,0,0,0,0,0,0,0,0,0,0,0,0,0,2,0,158494,https://lda.senate.gov/api/v1/clients/158494/,101,INSEEGO CORPORATION,Global telematics,False,,CA,California,US,United States of America,CA,California,US,United States of America,2017-05-01,53755,https://lda.senate.gov/api/v1/registrants/53755/,34993,"COOPER & KIRK, PLLC",Law Firm,"1523 New Hampshire Avenue, NW",,,,Washington,DC,District of Columbia,20036,US,United States of America,US,United States of America,JOHN C. BROWN,+1 202-220-9668,2022-04-06T16:08:22.951889-04:00
https://lda.senate.gov/api/v1/filings/2ee35a39-b512-45b2-b96a-2001113a4dde/,2ee35a39-b512-45b2-b96a-2001113a4dde,2@,2nd Quarter - Termination Amendment,2017,second_quarter,2nd Quarter (Apr 1 - June 30),https://lda.senate.gov/filings/public/filing/2ee35a39-b512-45b2-b96a-2001113a4dde/print/,text/html,100000.0,,,,John C. Brown,2017-07-24T14:16:39.160000-04:00,2017-06-15,United States of America,,"1523 New Hampshire Avenue, NW",,False,Washington,DC,20036,"{'id': 53755, 'url': 'https://lda.senate.gov/api/v1/registrants/53755/', 'house_registrant_id': 34993, 'name': 'COOPER & KIRK, PLLC', 'description': 'Law Firm', 'address_1': '1523 New Hampshire Avenue, NW', 'address_2': None, 'address_3': None, 'address_4': None, 'city': 'Washington', 'state': 'DC', 'state_display': 'District of Columbia', 'zip': '20036', 'country': 'US', 'country_display': 'United States of America', 'ppb_country': 'US', 'ppb_country_display': 'United States of America', 'contact_name': 'JOHN C. BROWN', 'contact_telephone': '+1 202-220-9668', 'dt_updated': '2022-04-06T16:08:22.951889-04:00'}","{'id': 158493, 'url': 'https://lda.senate.gov/api/v1/clients/158493/', 'client_id': 90, 'name': 'DUPONT USA', 'general_description': 'Chemicals/Conglomerate', 'client_government_entity': False, 'client_self_select': None, 'state': 'DE', 'state_display': 'Delaware', 'country': 'US', 'country_display': 'United States of America', 'ppb_state': 'DE', 'ppb_state_display': 'Delaware', 'ppb_country': 'US', 'ppb_country_display': 'United States of America', 'effective_date': '2017-05-01'}","[{'general_issue_code': 'CHM', 'general_issue_code_display': 'Chemicals/Chemical Industry', 'description': 'Seek approval for proposed merger.', 'foreign_entity_issues': '', 'lobbyists': [{'lobbyist': {'id': 55135, 'prefix': 'mr', 'prefix_display': 'MR.', 'first_name': 'CHARLES', 'nickname': None, 'middle_name': 'J', 'last_name': 'COOPER', 'suffix': None, 'suffix_display': None}, 'covered_position': None, 'new': False}], 'government_entities': [{'id': 37, 'name': 'Justice, Dept of (DOJ)'}]}, {'general_issue_code': 'LBR', 'general_issue_code_display': 'Labor Issues/Antitrust/Workplace', 'description': 'Seek approval for proposed merger.', 'foreign_entity_issues': '', 'lobbyists': [{'lobbyist': {'id': 55135, 'prefix': 'mr', 'prefix_display': 'MR.', 'first_name': 'CHARLES', 'nickname': None, 'middle_name': 'J', 'last_name': 'COOPER', 'suffix': None, 'suffix_display': None}, 'covered_position': None, 'new': False}], 'government_entities': [{'id': 37, 'name': 'Justice, Dept of (DOJ)'}]}, {'general_issue_code': 'LAW', 'general_issue_code_display': 'Law Enforcement/Crime/Criminal Justice', 'description': 'Seek approval for proposed merger.', 'foreign_entity_issues': '', 'lobbyists': [{'lobbyist': {'id': 55135, 'prefix': 'mr', 'prefix_display': 'MR.', 'first_name': 'CHARLES', 'nickname': None, 'middle_name': 'J', 'last_name': 'COOPER', 'suffix': None, 'suffix_display': None}, 'covered_position': None, 'new': False}], 'government_entities': [{'id': 37, 'name': 'Justice, Dept of (DOJ)'}]}]",[],[],[],"['CHM', 'LBR', 'LAW']",0,1,0,0,0,0,0,0,0,0,1,0,0,0,0,0,1,0,0,3,0,158493,https://lda.senate.gov/api/v1/clients/158493/,90,DUPONT USA,Chemicals/Conglomerate,False,,DE,Delaware,US,United States of America,DE,Delaware,US,United States of America,2017-05-01,53755,https://lda.senate.gov/api/v1/registrants/53755/,34993,"COOPER & KIRK, PLLC",Law Firm,"1523 New Hampshire Avenue, NW",,,,Washington,DC,District of Columbia,20036,US,United States of America,US,United States of America,JOHN C. BROWN,+1 202-220-9668,2022-04-06T16:08:22.951889-04:00
https://lda.senate.gov/api/v1/filings/393b7619-1144-496b-a45e-ee773a1ea139/,393b7619-1144-496b-a45e-ee773a1ea139,2@,2nd Quarter - Termination Amendment,2017,second_quarter,2nd Quarter (Apr 1 - June 30),https://lda.senate.gov/filings/public/filing/393b7619-1144-496b-a45e-ee773a1ea139/print/,text/html,30000.0,,,,Deborah Cushman,2017-07-24T15:23:22.590000-04:00,2017-06-30,United States of America,,"645 Pennsylvania Ave SE, Suite 300",,False,Washignton,DC,20003,"{'id': 401104430, 'url': 'https://lda.senate.gov/api/v1/registrants/401104430/', 'house_registrant_id': 401104430, 'name': 'EFB ADVOCACY, LLC', 'description': 'Lobbying & consulting', 'address_1': '645 Pennsylvania Ave SE, Suite 300', 'address_2': None, 'address_3': None, 'address_4': None, 'city': 'Washington', 'state': 'DC', 'state_display': 'District of Columbia', 'zip': '20003', 'country': 'US', 'country_display': 'United States of America', 'ppb_country': 'US', 'ppb_country_display': 'United States of America', 'contact_name': 'DEB GREENLEAF', 'contact_telephone': '+1 814-450-0072', 'dt_updated': '2024-02-17T13:45:39.800989-05:00'}","{'id': 201813, 'url': 'https://lda.senate.gov/api/v1/clients/201813/', 'client_id': 63, 'name': 'NATIONAL IMMIGRATION LAW CENTER', 'general_description': 'Immigration Law', 'client_government_entity': False, 'client_self_select': None, 'state': 'DC', 'state_display': 'District of Columbia', 'country': 'US', 'country_display': 'United States of America', 'ppb_state': 'DC', 'ppb_state_display': 'District of Columbia', 'ppb_country': 'US', 'ppb_country_display': 'United States of America', 'effective_date': '2017-04-03'}","[{'general_issue_code': 'IMM', 'general_issue_code_display': 'Immigration', 'description': 'Immigration, DACA, Border Wall', 'foreign_entity_issues': '', 'lobbyists': [{'lobbyist': {'id': 67367, 'prefix': None, 'prefix_display': None, 'first_name': 'JOHN', 'nickname': None, 'middle_name': 'PATRICK', 'last_name': 'FEEHERY', 'suffix': None, 'suffix_display': None}, 'covered_position': None, 'new': False}], 'government_entities': [{'id': 2, 'name': 'HOUSE OF REPRESENTATIVES'}, {'id': 1, 'name': 'SENATE'}]}]",[],[],[],['IMM'],0,0,0,0,0,0,0,0,0,0,0,0,0,0,0,0,0,1,0,1,0,201813,https://lda.senate.gov/api/v1/clients/201813/,63,NATIONAL IMMIGRATION LAW CENTER,Immigration Law,False,,DC,District of Columbia,US,United States of America,DC,District of Columbia,US,United States of America,2017-04-03,401104430,https://lda.senate.gov/api/v1/registrants/401104430/,401104430,"EFB ADVOCACY, LLC",Lobbying & consulting,"645 Pennsylvania Ave SE, Suite 300",,,,Washington,DC,District of Columbia,20003,US,United States of America,US,United States of America,DEB GREENLEAF,+1 814-450-0072,2024-02-17T13:45:39.800989-05:00
https://lda.senate.gov/api/v1/filings/4939ad5d-9660-4dc6-b7a2-34f7314d5dc8/,4939ad5d-9660-4dc6-b7a2-34f7314d5dc8,2@,2nd Quarter - Termination Amendment,2017,second_quarter,2nd Quarter (Apr 1 - June 30),https://lda.senate.gov/filings/public/filing/4939ad5d-9660-4dc6-b7a2-34f7314d5dc8/print/,text/html,20000.0,,,,Muftiah McCartin,2017-10-30T11:58:24.747000-04:00,2017-04-20,United States of America,,"850 10th Street, NW",,False,Washington,DC,20001,"{'id': 11195, 'url': 'https://lda.senate.gov/api/v1/registrants/11195/', 'house_registrant_id': 31827, 'name': 'COVINGTON & BURLING LLP', 'description': 'Law firm', 'address_1': '850 10th Street, NW', 'address_2': None, 'address_3': None, 'address_4': None, 'city': 'Washington', 'state': 'DC', 'state_display': 'District of Columbia', 'zip': '20001', 'country': 'US', 'country_display': 'United States of America', 'ppb_country': 'US', 'ppb_country_display': 'United States of America', 'contact_name': 'MICHELE PEARCE', 'contact_telephone': '+1 202-662-5666', 'dt_updated': '2024-01-18T12:05:41.492228-05:00'}","{'id': 115285, 'url': 'https://lda.senate.gov/api/v1/clients/115285/', 'client_id': 1005686, 'name': 'NT CONCEPTS, INC.', 'general_description': 'Technology solutions company', 'client_government_entity': False, 'client_self_select': None, 'state': 'VA', 'state_display': 'Virginia', 'country': 'US', 'country_display': 'United States of America', 'ppb_state': 'VA', 'ppb_state_display': 'Virginia', 'ppb_country': 'US', 'ppb_country_display': 'United States of America', 'effective_date': '2017-03-02'}","[{'general_issue_code': 'GOV', 'general_issue_code_display': 'Government Issues', 'description': 'Backlog in Federal security clearance background investigations.', 'foreign_entity_issues': '', 'lobbyists': [{'lobbyist': {'id': 62736, 'prefix': None, 'prefix_display': None, 'first_name': 'LAYTH', 'nickname': None, 'middle_name': 'SAMI', 'last_name': 'ELHASSANI', 'suffix': None, 'suffix_display': None}, 'covered_position': 'White House Off. Leg. Aff., Sp. Assist. to the President; Off. of Sen. Bennet, Leg. Dir.; House Comm. on Small Business, Oversight Counsel; Off. of Rep. Velazquez, Leg. Dir.; Off. of Sen. Cantwell, Leg. Counsel; Off. of Sen. Hollings, Legal Counsel.', 'new': True}, {'lobbyist': {'id': 59415, 'prefix': None, 'prefix_display': None, 'first_name': 'RICHARD', 'nickname': None, 'middle_name': None, 'last_name': 'HERTLING', 'suffix': None, 'suffix_display': None}, 'covered_position': 'Minority Staff Director, Senate Government Affairs Committee; Chief of Staff, Senator Peter Fitzgerald; Senior Counsel, Senate Government Affairs Committee; Chief Counsel, Senator Arlen Specter.', 'new': False}, {'lobbyist': {'id': 51923, 'prefix': None, 'prefix_display': None, 'first_name': 'MUFTIAH', 'nickname': None, 'middle_name': None, 'last_name': 'MCCARTIN', 'suffix': None, 'suffix_display': None}, 'covered_position': None, 'new': False}, {'lobbyist': {'id': 62135, 'prefix': None, 'prefix_display': None, 'first_name': 'GABRIEL', 'nickname': None, 'middle_name': None, 'last_name': 'NEVILLE', 'suffix': None, 'suffix_display': None}, 'covered_position': 'Special Assistant, Press Secretary, Communications Director & Chief of Staff, Congressman Joseph Pitts.', 'new': True}, {'lobbyist': {'id': 45165, 'prefix': None, 'prefix_display': None, 'first_name': 'WILLIAM', 'nickname': None, 'middle_name': None, 'last_name': 'WICHTERMAN', 'suffix': None, 'suffix_display': None}, 'covered_position': None, 'new': False}], 'government_entities': [{'id': 2, 'name': 'HOUSE OF REPRESENTATIVES'}, {'id': 1, 'name': 'SENATE'}]}]",[],[],[],['GOV'],0,0,0,0,0,0,0,0,0,0,0,1,0,0,0,0,0,0,0,1,0,115285,https://lda.senate.gov/api/v1/clients/115285/,1005686,"NT CONCEPTS, INC.",Technology solutions company,False,,VA,Virginia,US,United States of America,VA,Virginia,US,United States of America,2017-03-02,11195,https://lda.senate.gov/api/v1/registrants/11195/,31827,COVINGTON & BURLING LLP,Law firm,"850 10th Street, NW",,,,Washington,DC,District of Columbia,20001,US,United States of America,US,United States of America,MICHELE PEARCE,+1 202-662-5666,2024-01-18T12:05:41.492228-05:00
https://lda.senate.gov/api/v1/filings/eaf6e849-fce4-4817-910a-066f7a00deaf/,eaf6e849-fce4-4817-910a-066f7a00deaf,2@,2nd Quarter - Termination Amendment,2017,second_quarter,2nd Quarter (Apr 1 - June 30),https://lda.senate.gov/filings/public/filing/eaf6e849-fce4-4817-910a-066f7a00deaf/print/,text/html,60000.0,,,,Thomas R. Goldberg,2018-01-05T10:35:23.983000-05:00,2017-06-15,United States of America,,7213 Longwood Drive,,False,Bethesda,MD,20817,"{'id': 323193, 'url': 'https://lda.senate.gov/api/v1/registrants/323193/', 'house_registrant_id': 39688, 'name': 'AMERICAN TECHNOLOGY SPECIALISTS, LLC', 'description': 'Consultant', 'address_1': '7213 Longwood Drive', 'address_2': None, 'address_3': None, 'address_4': None, 'city': 'Bethesda', 'state': 'MD', 'state_display': 'Maryland', 'zip': '20817', 'country': 'US', 'country_display': 'United States of America', 'ppb_country': 'US', 'ppb_country_display': 'United States of America', 'contact_name': 'THOMAS GOLDBERG', 'contact_telephone': '+1 202-280-6360', 'dt_updated': '2022-04-06T16:07:42.491299-04:00'}","{'id': 187243, 'url': 'https://lda.senate.gov/api/v1/clients/187243/', 'client_id': 416, 'name': 'HONEYCOMB NETWORKS, INC.', 'general_description': 'Government Support Contractor and Consultant', 'client_government_entity': False, 'client_self_select': None, 'state': 'AL', 'state_display': 'Alabama', 'country': 'US', 'country_display': 'United States of America', 'ppb_state': 'AL', 'ppb_state_display': 'Alabama', 'ppb_country': 'US', 'ppb_country_display': 'United States of America', 'effective_date': '2017-04-13'}","[{'general_issue_code': 'DEF', 'general_issue_code_display': 'Defense', 'description': 'Secure ICT for sensor/communications equipment', 'foreign_entity_issues': '', 'lobbyists': [{'lobbyist': {'id': 45034, 'prefix': 'mr', 'prefix_display': 'MR.', 'first_name': 'THOMAS', 'nickname': None, 'middle_name': 'RICHARD', 'last_name': 'GOLDBERG', 'suffix': None, 'suffix_display': None}, 'covered_position': None, 'new': False}], 'government_entities': [{'id': 1, 'name': 'SENATE'}]}]",[],[],[],['DEF'],0,0,0,1,0,0,0,0,0,0,0,0,0,0,0,0,0,0,0,1,0,187243,https://lda.senate.gov/api/v1/clients/187243/,416,"HONEYCOMB NETWORKS, INC.",Government Support Contractor and Consultant,False,,AL,Alabama,US,United States of America,AL,Alabama,US,United States of America,2017-04-13,323193,https://lda.senate.gov/api/v1/registrants/323193/,39688,"AMERICAN TECHNOLOGY SPECIALISTS, LLC",Consultant,7213 Longwood Drive,,,,Bethesda,MD,Maryland,20817,US,United States of America,US,United States of America,THOMAS GOLDBERG,+1 202-280-6360,2022-04-06T16:07:42.491299-04:00
https://lda.senate.gov/api/v1/filings/b0e8093a-d227-4831-9a49-6f2bd2782b7f/,b0e8093a-d227-4831-9a49-6f2bd2782b7f,2@,2nd Quarter - Termination Amendment,2017,second_quarter,2nd Quarter (Apr 1 - June 30),https://lda.senate.gov/filings/public/filing/b0e8093a-d227-4831-9a49-6f2bd2782b7f/print/,text/html,12500.0,,,,Thomas R. Goldberg,2018-01-05T10:41:27.300000-05:00,2017-04-30,United States of America,,7213 Longwood Drive,,False,Bethesda,MD,20817,"{'id': 323193, 'url': 'https://lda.senate.gov/api/v1/registrants/323193/', 'house_registrant_id': 39688, 'name': 'AMERICAN TECHNOLOGY SPECIALISTS, LLC', 'description': 'Consultant', 'address_1': '7213 Longwood Drive', 'address_2': None, 'address_3': None, 'address_4': None, 'city': 'Bethesda', 'state': 'MD', 'state_display': 'Maryland', 'zip': '20817', 'country': 'US', 'country_display': 'United States of America', 'ppb_country': 'US', 'ppb_country_display': 'United States of America', 'contact_name': 'THOMAS GOLDBERG', 'contact_telephone': '+1 202-280-6360', 'dt_updated': '2022-04-06T16:07:42.491299-04:00'}","{'id': 187238, 'url': 'https://lda.senate.gov/api/v1/clients/187238/', 'client_id': 428, 'name': 'JRD & ASSOCIATES', 'general_description': 'Government Support Contractor/Consultant', 'client_government_entity': False, 'client_self_select': None, 'state': 'FL', 'state_display': 'Florida', 'country': 'US', 'country_display': 'United States of America', 'ppb_state': 'FL', 'ppb_state_display': 'Florida', 'ppb_country': 'US', 'ppb_country_display': 'United States of America', 'effective_date': '2017-03-23'}","[{'general_issue_code': 'HOM', 'general_issue_code_display': 'Homeland Security', 'description': 'Secure ICT', 'foreign_entity_issues': '', 'lobbyists': [{'lobbyist': {'id': 45034, 'prefix': 'mr', 'prefix_display': 'MR.', 'first_name': 'THOMAS', 'nickname': None, 'middle_name': 'RICHARD', 'last_name': 'GOLDBERG', 'suffix': None, 'suffix_display': None}, 'covered_position': None, 'new': False}], 'government_entities': [{'id': 1, 'name': 'SENATE'}]}]",[],[],[],['HOM'],0,0,0,0,1,0,0,0,0,0,0,0,0,0,0,0,0,0,0,1,0,187238,https://lda.senate.gov/api/v1/clients/187238/,428,JRD & ASSOCIATES,Government Support Contractor/Consultant,False,,FL,Florida,US,United States of America,FL,Florida,US,United States of America,2017-03-23,323193,https://lda.senate.gov/api/v1/registrants/323193/,39688,"AMERICAN TECHNOLOGY SPECIALISTS, LLC",Consultant,7213 Longwood Drive,,,,Bethesda,MD,Maryland,20817,US,United States of America,US,United States of America,THOMAS GOLDBERG,+1 202-280-6360,2022-04-06T16:07:42.491299-04:00
https://lda.senate.gov/api/v1/filings/56dcdb71-c1ce-46aa-8204-20e52d9078dc/,56dcdb71-c1ce-46aa-8204-20e52d9078dc,2@,2nd Quarter - Termination Amendment,2017,second_quarter,2nd Quarter (Apr 1 - June 30),https://lda.senate.gov/filings/public/filing/56dcdb71-c1ce-46aa-8204-20e52d9078dc/print/,text/html,5000.0,,,,Thomas R. Goldberg,2018-01-05T10:45:28.973000-05:00,2017-04-30,United States of America,,7213 Longwood Drive,,False,Bethesda,MD,20817,"{'id': 323193, 'url': 'https://lda.senate.gov/api/v1/registrants/323193/', 'house_registrant_id': 39688, 'name': 'AMERICAN TECHNOLOGY SPECIALISTS, LLC', 'description': 'Consultant', 'address_1': '7213 Longwood Drive', 'address_2': None, 'address_3': None, 'address_4': None, 'city': 'Bethesda', 'state': 'MD', 'state_display': 'Maryland', 'zip': '20817', 'country': 'US', 'country_display': 'United States of America', 'ppb_country': 'US', 'ppb_country_display': 'United States of America', 'contact_name': 'THOMAS GOLDBERG', 'contact_telephone': '+1 202-280-6360', 'dt_updated': '2022-04-06T16:07:42.491299-04:00'}","{'id': 187239, 'url': 'https://lda.senate.gov/api/v1/clients/187239/', 'client_id': 431, 'name': 'ACQUSIGHT, INC.', 'general_description': 'Government Support Contractor/Consultant', 'client_government_entity': False, 'client_self_select': None, 'state': 'VA', 'state_display': 'Virginia', 'country': 'US', 'country_display': 'United States of America', 'ppb_state': 'VA', 'ppb_state_display': 'Virginia', 'ppb_country': 'US', 'ppb_country_display': 'United States of America', 'effective_date': '2017-04-20'}","[{'general_issue_code': 'HOM', 'general_issue_code_display': 'Homeland Security', 'description': 'Secure ICT equipment', 'foreign_entity_issues': '', 'lobbyists': [{'lobbyist': {'id': 45034, 'prefix': 'mr', 'prefix_display': 'MR.', 'first_name': 'THOMAS', 'nickname': None, 'middle_name': 'RICHARD', 'last_name': 'GOLDBERG', 'suffix': None, 'suffix_display': None}, 'covered_position': None, 'new': False}], 'government_entities': [{'id': 1, 'name': 'SENATE'}]}]",[],[],[],['HOM'],0,0,0,0,1,0,0,0,0,0,0,0,0,0,0,0,0,0,0,1,0,187239,https://lda.senate.gov/api/v1/clients/187239/,431,"ACQUSIGHT, INC.",Government Support Contractor/Consultant,False,,VA,Virginia,US,United States of America,VA,Virginia,US,United States of America,2017-04-20,323193,https://lda.senate.gov/api/v1/registrants/323193/,39688,"AMERICAN TECHNOLOGY SPECIALISTS, LLC",Consultant,7213 Longwood Drive,,,,Bethesda,MD,Maryland,20817,US,United States of America,US,United States of America,THOMAS GOLDBERG,+1 202-280-6360,2022-04-06T16:07:42.491299-04:00
https://lda.senate.gov/api/v1/filings/ea2449ed-42fa-45e0-bffa-12787c812a99/,ea2449ed-42fa-45e0-bffa-12787c812a99,2@,2nd Quarter - Termination Amendment,2017,second_quarter,2nd Quarter (Apr 1 - June 30),https://lda.senate.gov/filings/public/filing/ea2449ed-42fa-45e0-bffa-12787c812a99/print/,text/html,20000.0,,,,Thomas R. Goldberg,2018-01-05T10:49:32.100000-05:00,2017-04-30,United States of America,,7213 Longwood Drive,,False,Bethesda,MD,20817,"{'id': 323193, 'url': 'https://lda.senate.gov/api/v1/registrants/323193/', 'house_registrant_id': 39688, 'name': 'AMERICAN TECHNOLOGY SPECIALISTS, LLC', 'description': 'Consultant', 'address_1': '7213 Longwood Drive', 'address_2': None, 'address_3': None, 'address_4': None, 'city': 'Bethesda', 'state': 'MD', 'state_display': 'Maryland', 'zip': '20817', 'country': 'US', 'country_display': 'United States of America', 'ppb_country': 'US', 'ppb_country_display': 'United States of America', 'contact_name': 'THOMAS GOLDBERG', 'contact_telephone': '+1 202-280-6360', 'dt_updated': '2022-04-06T16:07:42.491299-04:00'}","{'id': 187241, 'url': 'https://lda.senate.gov/api/v1/clients/187241/', 'client_id': 443, 'name': 'RXBIO, INC.', 'general_description': 'Biological Research/Developmental Therapeutics', 'client_government_entity': False, 'client_self_select': None, 'state': 'TN', 'state_display': 'Tennessee', 'country': 'US', 'country_display': 'United States of America', 'ppb_state': 'TN', 'ppb_state_display': 'Tennessee', 'ppb_country': 'US', 'ppb_country_display': 'United States of America', 'effective_date': '2017-04-06'}","[{'general_issue_code': 'DIS', 'general_issue_code_display': 'Disaster Planning/Emergencies', 'description': 'Treatment for exposure to radiation', 'foreign_entity_issues': '', 'lobbyists': [{'lobbyist': {'id': 45034, 'prefix': 'mr', 'prefix_display': 'MR.', 'first_name': 'THOMAS', 'nickname': None, 'middle_name': 'RICHARD', 'last_name': 'GOLDBERG', 'suffix': None, 'suffix_display': None}, 'covered_position': None, 'new': False}], 'government_entities': [{'id': 1, 'name': 'SENATE'}]}]",[],[],[],['DIS'],0,0,0,0,0,0,0,0,0,1,0,0,0,0,0,0,0,0,0,1,0,187241,https://lda.senate.gov/api/v1/clients/187241/,443,"RXBIO, INC.",Biological Research/Developmental Therapeutics,False,,TN,Tennessee,US,United States of America,TN,Tennessee,US,United States of America,2017-04-06,323193,https://lda.senate.gov/api/v1/registrants/323193/,39688,"AMERICAN TECHNOLOGY SPECIALISTS, LLC",Consultant,7213 Longwood Drive,,,,Bethesda,MD,Maryland,20817,US,United States of America,US,United States of America,THOMAS GOLDBERG,+1 202-280-6360,2022-04-06T16:07:42.491299-04:00
https://lda.senate.gov/api/v1/filings/4ae317b2-f184-4016-b511-be4395bd047a/,4ae317b2-f184-4016-b511-be4395bd047a,2@,2nd Quarter - Termination Amendment,2017,second_quarter,2nd Quarter (Apr 1 - June 30),https://lda.senate.gov/filings/public/filing/4ae317b2-f184-4016-b511-be4395bd047a/print/,text/html,20000.0,,,,Thomas R. Goldberg,2018-01-05T10:56:33.823000-05:00,2017-04-30,United States of America,,7213 Longwood Drive,,False,Bethesda,MD,20817,"{'id': 323193, 'url': 'https://lda.senate.gov/api/v1/registrants/323193/', 'house_registrant_id': 39688, 'name': 'AMERICAN TECHNOLOGY SPECIALISTS, LLC', 'description': 'Consultant', 'address_1': '7213 Longwood Drive', 'address_2': None, 'address_3': None, 'address_4': None, 'city': 'Bethesda', 'state': 'MD', 'state_display': 'Maryland', 'zip': '20817', 'country': 'US', 'country_display': 'United States of America', 'ppb_country': 'US', 'ppb_country_display': 'United States of America', 'contact_name': 'THOMAS GOLDBERG', 'contact_telephone': '+1 202-280-6360', 'dt_updated': '2022-04-06T16:07:42.491299-04:00'}","{'id': 187240, 'url': 'https://lda.senate.gov/api/v1/clients/187240/', 'client_id': 455, 'name': 'INTEGRATED ENERGY SOLUTIONS, LLC', 'general_description': 'Energy Technology Development', 'client_government_entity': False, 'client_self_select': None, 'state': 'VA', 'state_display': 'Virginia', 'country': 'US', 'country_display': 'United States of America', 'ppb_state': 'VA', 'ppb_state_display': 'Virginia', 'ppb_country': 'US', 'ppb_country_display': 'United States of America', 'effective_date': '2017-04-11'}","[{'general_issue_code': 'DEF', 'general_issue_code_display': 'Defense', 'description': 'Secure ICT for microgrids', 'foreign_entity_issues': '', 'lobbyists': [{'lobbyist': {'id': 45034, 'prefix': 'mr', 'prefix_display': 'MR.', 'first_name': 'THOMAS', 'nickname': None, 'middle_name': 'RICHARD', 'last_name': 'GOLDBERG', 'suffix': None, 'suffix_display': None}, 'covered_position': None, 'new': False}], 'government_entities': [{'id': 1, 'name': 'SENATE'}]}]",[],[],[],['DEF'],0,0,0,1,0,0,0,0,0,0,0,0,0,0,0,0,0,0,0,1,0,187240,https://lda.senate.gov/api/v1/clients/187240/,455,"INTEGRATED ENERGY SOLUTIONS, LLC",Energy Technology Development,False,,VA,Virginia,US,United States of America,VA,Virginia,US,United States of America,2017-04-11,323193,https://lda.senate.gov/api/v1/registrants/323193/,39688,"AMERICAN TECHNOLOGY SPECIALISTS, LLC",Consultant,7213 Longwood Drive,,,,Bethesda,MD,Maryland,20817,US,United States of America,US,United States of America,THOMAS GOLDBERG,+1 202-280-6360,2022-04-06T16:07:42.491299-04:00
https://lda.senate.gov/api/v1/filings/8f4a90d8-a350-498a-8c7e-a51a120c4a02/,8f4a90d8-a350-498a-8c7e-a51a120c4a02,2@,2nd Quarter - Termination Amendment,2017,second_quarter,2nd Quarter (Apr 1 - June 30),https://lda.senate.gov/filings/public/filing/8f4a90d8-a350-498a-8c7e-a51a120c4a02/print/,text/html,10000.0,,,,Caroline Alexander,2018-01-12T11:47:57.917000-05:00,2017-06-17,United States of America,,"2000 M Street, NW",Suite 520,False,Washington,DC,20036,"{'id': 297294, 'url': 'https://lda.senate.gov/api/v1/registrants/297294/', 'house_registrant_id': 37555, 'name': 'BOSE PUBLIC AFFAIRS GROUP', 'description': 'Public Affairs Firm', 'address_1': '777 6th St NW', 'address_2': 'Suite 510', 'address_3': None, 'address_4': None, 'city': 'Washington', 'state': 'DC', 'state_display': 'District of Columbia', 'zip': '20001', 'country': 'US', 'country_display': 'United States of America', 'ppb_country': 'US', 'ppb_country_display': 'United States of America', 'contact_name': 'SARAH LAMSON', 'contact_telephone': '+1 202-888-9168', 'dt_updated': '2024-01-24T15:33:31.866542-05:00'}","{'id': 179636, 'url': 'https://lda.senate.gov/api/v1/clients/179636/', 'client_id': 1001042, 'name': 'CROWN HILL MANANGEMENT LLC', 'general_description': 'Cemetery management and operations', 'client_government_entity': False, 'client_self_select': None, 'state': 'IN', 'state_display': 'Indiana', 'country': 'US', 'country_display': 'United States of America', 'ppb_state': 'IN', 'ppb_state_display': 'Indiana', 'ppb_country': 'US', 'ppb_country_display': 'United States of America', 'effective_date': '2017-03-17'}","[{'general_issue_code': 'VET', 'general_issue_code_display': 'Veterans', 'description': 'Expansion of national veterans cemetery', 'foreign_entity_issues': '', 'lobbyists': [{'lobbyist': {'id': 55708, 'prefix': None, 'prefix_display': None, 'first_name': 'GREGORY', 'nickname': None, 'middle_name': None, 'last_name': 'HAHN', 'suffix': None, 'suffix_display': None}, 'covered_position': None, 'new': True}, {'lobbyist': {'id': 65511, 'prefix': None, 'prefix_display': None, 'first_name': 'VICTOR', 'nickname': None, 'middle_name': None, 'last_name': 'SMITH', 'suffix': None, 'suffix_display': None}, 'covered_position': None, 'new': True}, {'lobbyist': {'id': 66619, 'prefix': None, 'prefix_display': None, 'first_name': 'DOUGLAS', 'nickname': None, 'middle_name': None, 'last_name': 'BROWN', 'suffix': None, 'suffix_display': None}, 'covered_position': None, 'new': True}, {'lobbyist': {'id': 65537, 'prefix': None, 'prefix_display': None, 'first_name': 'MARTIN', 'nickname': None, 'middle_name': None, 'last_name': 'UMBARGER', 'suffix': None, 'suffix_display': None}, 'covered_position': None, 'new': True}], 'government_entities': [{'id': 2, 'name': 'HOUSE OF REPRESENTATIVES'}, {'id': 1, 'name': 'SENATE'}, {'id': 42, 'name': 'Veterans Affairs, Dept of (VA)'}]}, {'general_issue_code': 'RES', 'general_issue_code_display': 'Real Estate/Land Use/Conservation', 'description': 'Expansion of national veterans cemetery', 'foreign_entity_issues': '', 'lobbyists': [{'lobbyist': {'id': 66619, 'prefix': None, 'prefix_display': None, 'first_name': 'DOUGLAS', 'nickname': None, 'middle_name': None, 'last_name': 'BROWN', 'suffix': None, 'suffix_display': None}, 'covered_position': None, 'new': True}, {'lobbyist': {'id': 65537, 'prefix': None, 'prefix_display': None, 'first_name': 'MARTIN', 'nickname': None, 'middle_name': None, 'last_name': 'UMBARGER', 'suffix': None, 'suffix_display': None}, 'covered_position': None, 'new': True}, {'lobbyist': {'id': 65511, 'prefix': None, 'prefix_display': None, 'first_name': 'VICTOR', 'nickname': None, 'middle_name': None, 'last_name': 'SMITH', 'suffix': None, 'suffix_display': None}, 'covered_position': None, 'new': True}, {'lobbyist': {'id': 55708, 'prefix': None, 'prefix_display': None, 'first_name': 'GREGORY', 'nickname': None, 'middle_name': None, 'last_name': 'HAHN', 'suffix': None, 'suffix_display': None}, 'covered_position': None, 'new': False}], 'government_entities': [{'id': 2, 'name': 'HOUSE OF REPRESENTATIVES'}, {'id': 1, 'name': 'SENATE'}, {'id': 42, 'name': 'Veterans Affairs, Dept of (VA)'}]}]",[],[],[],"['VET', 'RES']",0,0,0,0,0,0,1,0,0,0,0,0,0,0,1,0,0,0,0,2,0,179636,https://lda.senate.gov/api/v1/clients/179636/,1001042,CROWN HILL MANANGEMENT LLC,Cemetery management and operations,False,,IN,Indiana,US,United States of America,IN,Indiana,US,United States of America,2017-03-17,297294,https://lda.senate.gov/api/v1/registrants/297294/,37555,BOSE PUBLIC AFFAIRS GROUP,Public Affairs Firm,777 6th St NW,Suite 510,,,Washington,DC,District of Columbia,20001,US,United States of America,US,United States of America,SARAH LAMSON,+1 202-888-9168,2024-01-24T15:33:31.866542-05:00
https://lda.senate.gov/api/v1/filings/0226c524-cd80-4a40-97f2-34ca4f02af8f/,0226c524-cd80-4a40-97f2-34ca4f02af8f,2@,2nd Quarter - Termination Amendment,2017,second_quarter,2nd Quarter (Apr 1 - June 30),https://lda.senate.gov/filings/public/filing/0226c524-cd80-4a40-97f2-34ca4f02af8f/print/,text/html,10000.0,,,,Christine R. Mistr,2018-01-26T12:37:00.880000-05:00,2017-05-03,United States of America,,"1801 16th St NW, #211",,False,Washington,DC,20009,"{'id': 401103604, 'url': 'https://lda.senate.gov/api/v1/registrants/401103604/', 'house_registrant_id': 401103604, 'name': 'EPPLIN STRATEGIC PLANNING', 'description': 'Government relations firm.', 'address_1': '1701 Pennsylvania Avenue', 'address_2': 'Suite 200', 'address_3': None, 'address_4': None, 'city': 'Washington', 'state': 'DC', 'state_display': 'District of Columbia', 'zip': '20006', 'country': 'US', 'country_display': 'United States of America', 'ppb_country': 'US', 'ppb_country_display': 'United States of America', 'contact_name': 'CHRISTINE R. MISTR', 'contact_telephone': '+1 540-535-0505', 'dt_updated': '2024-01-30T18:06:31.232393-05:00'}","{'id': 199764, 'url': 'https://lda.senate.gov/api/v1/clients/199764/', 'client_id': 51, 'name': 'VAN HEUVELEN STRATEGIES ON BEHALF OF CITIZENS FOR RESPONSIBLE', 'general_description': 'Bipartisan firm specializing in lobbying and strategy in Washington DC', 'client_government_entity': False, 'client_self_select': None, 'state': 'DC', 'state_display': 'District of Columbia', 'country': 'US', 'country_display': 'United States of America', 'ppb_state': 'DC', 'ppb_state_display': 'District of Columbia', 'ppb_country': 'US', 'ppb_country_display': 'United States of America', 'effective_date': '2016-02-01'}","[{'general_issue_code': 'NAT', 'general_issue_code_display': 'Natural Resources', 'description': 'S. 2012- The Energy Policy Modernization Act. Energy Water Appropriations.', 'foreign_entity_issues': '', 'lobbyists': [{'lobbyist': {'id': 61765, 'prefix': None, 'prefix_display': None, 'first_name': 'ROBERT', 'nickname': None, 'middle_name': None, 'last_name': 'EPPLIN', 'suffix': None, 'suffix_display': None}, 'covered_position': 'LD, Sen. Collins; LA Sen. Smith; Analyst, OMB Budget Review Division; Prof Staff, Senate Finance Committee; LA, Sen. Packwood', 'new': False}], 'government_entities': [{'id': 2, 'name': 'HOUSE OF REPRESENTATIVES'}, {'id': 1, 'name': 'SENATE'}]}, {'general_issue_code': 'ENV', 'general_issue_code_display': 'Environment/Superfund', 'description': 'S. 2012- The Energy Policy Modernization Act. Energy Water Appropriations.', 'foreign_entity_issues': '', 'lobbyists': [{'lobbyist': {'id': 61765, 'prefix': None, 'prefix_display': None, 'first_name': 'ROBERT', 'nickname': None, 'middle_name': None, 'last_name': 'EPPLIN', 'suffix': None, 'suffix_display': None}, 'covered_position': 'LD, Sen. Collins; LA Sen. Smith; Analyst, OMB Budget Review Division; Prof Staff, Senate Finance Committee; LA, Sen. Packwood', 'new': False}], 'government_entities': [{'id': 2, 'name': 'HOUSE OF REPRESENTATIVES'}, {'id': 1, 'name': 'SENATE'}]}, {'general_issue_code': 'ENG', 'general_issue_code_display': 'Energy/Nuclear', 'description': 'S. 2012- The Energy Policy Modernization Act. Energy Water Appropriations.', 'foreign_entity_issues': '', 'lobbyists': [{'lobbyist': {'id': 61765, 'prefix': None, 'prefix_display': None, 'first_name': 'ROBERT', 'nickname': None, 'middle_name': None, 'last_name': 'EPPLIN', 'suffix': None, 'suffix_display': None}, 'covered_position': 'LD, Sen. Collins; LA Sen. Smith; Analyst, OMB Budget Review Division; Prof Staff, Senate Finance Committee; LA, Sen. Packwood', 'new': False}], 'government_entities': [{'id': 2, 'name': 'HOUSE OF REPRESENTATIVES'}, {'id': 1, 'name': 'SENATE'}]}]",[],[],[],"['NAT', 'ENV', 'ENG']",0,0,0,0,0,1,0,0,0,0,0,0,0,1,0,0,0,0,1,3,0,199764,https://lda.senate.gov/api/v1/clients/199764/,51,VAN HEUVELEN STRATEGIES ON BEHALF OF CITIZENS FOR RESPONSIBLE,Bipartisan firm specializing in lobbying and strategy in Washington DC,False,,DC,District of Columbia,US,United States of America,DC,District of Columbia,US,United States of America,2016-02-01,401103604,https://lda.senate.gov/api/v1/registrants/401103604/,401103604,EPPLIN STRATEGIC PLANNING,Government relations firm.,1701 Pennsylvania Avenue,Suite 200,,,Washington,DC,District of Columbia,20006,US,United States of America,US,United States of America,CHRISTINE R. MISTR,+1 540-535-0505,2024-01-30T18:06:31.232393-05:00
https://lda.senate.gov/api/v1/filings/147b833d-9aa4-4de7-bc06-4c4e6e0f4781/,147b833d-9aa4-4de7-bc06-4c4e6e0f4781,2@,2nd Quarter - Termination Amendment,2017,second_quarter,2nd Quarter (Apr 1 - June 30),https://lda.senate.gov/filings/public/filing/147b833d-9aa4-4de7-bc06-4c4e6e0f4781/print/,text/html,,,,,Catherine Davis,2018-03-07T16:51:29.803000-05:00,2017-04-30,United States of America,,1030 15th Street NW,,False,Washington,DC,20005,"{'id': 401103844, 'url': 'https://lda.senate.gov/api/v1/registrants/401103844/', 'house_registrant_id': 401103844, 'name': 'FOX ROTHSCHILD LLP', 'description': 'Law Firm.', 'address_1': '1030 15th Street NW', 'address_2': None, 'address_3': None, 'address_4': None, 'city': 'Washington', 'state': 'DC', 'state_display': 'District of Columbia', 'zip': '20005', 'country': 'US', 'country_display': 'United States of America', 'ppb_country': 'US', 'ppb_country_display': 'United States of America', 'contact_name': 'CATHERINE DAVIS', 'contact_telephone': '+1 202-461-3101', 'dt_updated': '2022-04-06T16:06:27.811187-04:00'}","{'id': 200246, 'url': 'https://lda.senate.gov/api/v1/clients/200246/', 'client_id': 12, 'name': 'FIRETRACE INTERNATIONAL', 'general_description': 'Produce suppression system for military and police.', 'client_government_entity': False, 'client_self_select': None, 'state': 'AZ', 'state_display': 'Arizona', 'country': 'US', 'country_display': 'United States of America', 'ppb_state': 'AZ', 'ppb_state_display': 'Arizona', 'ppb_country': 'US', 'ppb_country_display': 'United States of America', 'effective_date': '2015-10-01'}","[{'general_issue_code': 'DEF', 'general_issue_code_display': 'Defense', 'description': 'National Defense Authorization Act', 'foreign_entity_issues': '', 'lobbyists': [{'lobbyist': {'id': 63180, 'prefix': None, 'prefix_display': None, 'first_name': 'TEDDY', 'nickname': None, 'middle_name': None, 'last_name': 'EYNON', 'suffix': None, 'suffix_display': None}, 'covered_position': 'Deputy Chief of Staff, Rep. Shadegg; Counsel, Rep. Gallegly; Investigative Counsel, House Government Reform and Oversight Committee.', 'new': False}, {'lobbyist': {'id': 63184, 'prefix': None, 'prefix_display': None, 'first_name': 'PATRICK', 'nickname': None, 'middle_name': None, 'last_name': 'ANDERSON', 'suffix': None, 'suffix_display': None}, 'covered_position': 'Legislative Assistant, Rep. Bonilla; Staff Assistant, Senate Banking Committee.', 'new': False}], 'government_entities': [{'id': 2, 'name': 'HOUSE OF REPRESENTATIVES'}, {'id': 1, 'name': 'SENATE'}]}, {'general_issue_code': 'BUD', 'general_issue_code_display': 'Budget/Appropriations', 'description': 'Defense Appropriations', 'foreign_entity_issues': '', 'lobbyists': [{'lobbyist': {'id': 63180, 'prefix': None, 'prefix_display': None, 'first_name': 'TEDDY', 'nickname': None, 'middle_name': None, 'last_name': 'EYNON', 'suffix': None, 'suffix_display': None}, 'covered_position': 'Deputy Chief of Staff, Rep. Shadegg; Counsel, Rep. Gallegly; Investigative Counsel, House Government Reform and Oversight Committee', 'new': False}, {'lobbyist': {'id': 63184, 'prefix': None, 'prefix_display': None, 'first_name': 'PATRICK', 'nickname': None, 'middle_name': None, 'last_name': 'ANDERSON', 'suffix': None, 'suffix_display': None}, 'covered_position': 'Legislative Assistant, Rep. Bonilla; Staff Assistant, Senate Banking Committee', 'new': False}], 'government_entities': [{'id': 2, 'name': 'HOUSE OF REPRESENTATIVES'}, {'id': 1, 'name': 'SENATE'}]}]",[],[],[],"['DEF', 'BUD']",0,0,0,1,0,0,0,0,1,0,0,0,0,0,0,0,0,0,0,2,0,200246,https://lda.senate.gov/api/v1/clients/200246/,12,FIRETRACE INTERNATIONAL,Produce suppression system for military and police.,False,,AZ,Arizona,US,United States of America,AZ,Arizona,US,United States of America,2015-10-01,401103844,https://lda.senate.gov/api/v1/registrants/401103844/,401103844,FOX ROTHSCHILD LLP,Law Firm.,1030 15th Street NW,,,,Washington,DC,District of Columbia,20005,US,United States of America,US,United States of America,CATHERINE DAVIS,+1 202-461-3101,2022-04-06T16:06:27.811187-04:00
https://lda.senate.gov/api/v1/filings/fa88a886-023c-48e5-a3db-3177ba542d22/,fa88a886-023c-48e5-a3db-3177ba542d22,2@,2nd Quarter - Termination Amendment,2017,second_quarter,2nd Quarter (Apr 1 - June 30),https://lda.senate.gov/filings/public/filing/fa88a886-023c-48e5-a3db-3177ba542d22/print/,text/html,15000.0,,,,Beth Clay,2018-07-05T10:04:37.907000-04:00,2017-06-30,United States of America,,PO Box 1776,,True,Olney,MD,20832,"{'id': 401103185, 'url': 'https://lda.senate.gov/api/v1/registrants/401103185/', 'house_registrant_id': 401103185, 'name': 'HAWK INTERNATIONAL, LLC', 'description': 'Government Relations Consulting and International Business Development', 'address_1': 'PO Box 1776', 'address_2': None, 'address_3': None, 'address_4': None, 'city': 'Olney', 'state': 'MD', 'state_display': 'Maryland', 'zip': '20832', 'country': 'US', 'country_display': 'United States of America', 'ppb_country': 'US', 'ppb_country_display': 'United States of America', 'contact_name': 'BETH CLAY', 'contact_telephone': '+1 301-774-1050', 'dt_updated': '2022-12-08T15:09:48.989563-05:00'}","{'id': 198083, 'url': 'https://lda.senate.gov/api/v1/clients/198083/', 'client_id': 24, 'name': 'HIPPOCRATES INSTITUTE (AND THE POP CAMPAIGN)', 'general_description': 'Termination registered in summer 2017.', 'client_government_entity': False, 'client_self_select': None, 'state': 'FL', 'state_display': 'Florida', 'country': 'US', 'country_display': 'United States of America', 'ppb_state': 'FL', 'ppb_state_display': 'Florida', 'ppb_country': 'US', 'ppb_country_display': 'United States of America', 'effective_date': '2014-01-01'}","[{'general_issue_code': 'FOO', 'general_issue_code_display': 'Food Industry (safety, labeling, etc.)', 'description': 'Promotion of organic food policies and standards.', 'foreign_entity_issues': '', 'lobbyists': [{'lobbyist': {'id': 59664, 'prefix': 'ms', 'prefix_display': 'MS.', 'first_name': 'S', 'nickname': None, 'middle_name': 'ELIZABETH', 'last_name': 'CLAY', 'suffix': None, 'suffix_display': None}, 'covered_position': 'Senior Professional Staff, US House of Representatives, Government Reform and Oversight Committee (1998-2003)', 'new': False}], 'government_entities': [{'id': 2, 'name': 'HOUSE OF REPRESENTATIVES'}, {'id': 1, 'name': 'SENATE'}]}, {'general_issue_code': 'AGR', 'general_issue_code_display': 'Agriculture', 'description': 'Educating legislators and policy makers about the importance of organic foods and protecting organic farming standards.', 'foreign_entity_issues': '', 'lobbyists': [{'lobbyist': {'id': 59664, 'prefix': 'ms', 'prefix_display': 'MS.', 'first_name': 'S', 'nickname': None, 'middle_name': 'ELIZABETH', 'last_name': 'CLAY', 'suffix': None, 'suffix_display': None}, 'covered_position': 'Senior Professional Staff, US House of Representatives, Government Reform and Oversight Committee (1998-2003)', 'new': False}], 'government_entities': [{'id': 2, 'name': 'HOUSE OF REPRESENTATIVES'}, {'id': 1, 'name': 'SENATE'}]}]",[],[],[],"['FOO', 'AGR']",1,0,0,0,0,0,0,0,0,0,0,0,0,0,0,1,0,0,0,2,0,198083,https://lda.senate.gov/api/v1/clients/198083/,24,HIPPOCRATES INSTITUTE (AND THE POP CAMPAIGN),Termination registered in summer 2017.,False,,FL,Florida,US,United States of America,FL,Florida,US,United States of America,2014-01-01,401103185,https://lda.senate.gov/api/v1/registrants/401103185/,401103185,"HAWK INTERNATIONAL, LLC",Government Relations Consulting and International Business Development,PO Box 1776,,,,Olney,MD,Maryland,20832,US,United States of America,US,United States of America,BETH CLAY,+1 301-774-1050,2022-12-08T15:09:48.989563-05:00
https://lda.senate.gov/api/v1/filings/bed96220-27fc-44e2-95d7-afbf04c1ed21/,bed96220-27fc-44e2-95d7-afbf04c1ed21,2@,2nd Quarter - Termination Amendment,2017,second_quarter,2nd Quarter (Apr 1 - June 30),https://lda.senate.gov/filings/public/filing/bed96220-27fc-44e2-95d7-afbf04c1ed21/print/,text/html,30000.0,,,,Michael R. Higdon,2019-10-21T18:08:34.690000-04:00,2017-06-30,United States of America,,2966 Carlton Avenue NE,,False,Washington,DC,20018,"{'id': 401104281, 'url': 'https://lda.senate.gov/api/v1/registrants/401104281/', 'house_registrant_id': 401104281, 'name': 'A1.9 STRATEGIES LLC', 'description': 'lobbying and consulting services', 'address_1': '5117 Bradford Drive', 'address_2': None, 'address_3': None, 'address_4': None, 'city': 'Annandale', 'state': 'VA', 'state_display': 'Virginia', 'zip': '22003', 'country': 'US', 'country_display': 'United States of America', 'ppb_country': 'US', 'ppb_country_display': 'United States of America', 'contact_name': 'MICHAEL HIGDON', 'contact_telephone': '+1 202-251-1547', 'dt_updated': '2024-01-04T08:55:23.948133-05:00'}","{'id': 201130, 'url': 'https://lda.senate.gov/api/v1/clients/201130/', 'client_id': 51, 'name': ""O'BRIEN GENTRY & SCOTT OBO PROX DYNAMICS A DIVISION OF FLIR SYSTEMS"", 'general_description': 'lobbying and consulting services', 'client_government_entity': False, 'client_self_select': None, 'state': 'DC', 'state_display': 'District of Columbia', 'country': 'US', 'country_display': 'United States of America', 'ppb_state': 'DC', 'ppb_state_display': 'District of Columbia', 'ppb_country': 'US', 'ppb_country_display': 'United States of America', 'effective_date': '2017-01-01'}","[{'general_issue_code': 'DEF', 'general_issue_code_display': 'Defense', 'description': 'Adoption and support for nanodrone technologies by DOD', 'foreign_entity_issues': '', 'lobbyists': [{'lobbyist': {'id': 65356, 'prefix': None, 'prefix_display': None, 'first_name': 'MICHAEL', 'nickname': None, 'middle_name': None, 'last_name': 'HIGDON', 'suffix': None, 'suffix_display': None}, 'covered_position': 'OFFICE OF HAL ROGERS: CoS (2011-2013); Approps Assoc. (2009-2011); Legislative Dir (2006-2009); Legislative Asst. (2003-2006); OFFICE OF ROSCOE BARTLETT: Legislative Asst (2001-2003) OFFICE OF RON PACKARD (1999-2001); Legislative Correspondent', 'new': False}], 'government_entities': []}]",[],[],[],['DEF'],0,0,0,1,0,0,0,0,0,0,0,0,0,0,0,0,0,0,0,1,0,201130,https://lda.senate.gov/api/v1/clients/201130/,51,O'BRIEN GENTRY & SCOTT OBO PROX DYNAMICS A DIVISION OF FLIR SYSTEMS,lobbying and consulting services,False,,DC,District of Columbia,US,United States of America,DC,District of Columbia,US,United States of America,2017-01-01,401104281,https://lda.senate.gov/api/v1/registrants/401104281/,401104281,A1.9 STRATEGIES LLC,lobbying and consulting services,5117 Bradford Drive,,,,Annandale,VA,Virginia,22003,US,United States of America,US,United States of America,MICHAEL HIGDON,+1 202-251-1547,2024-01-04T08:55:23.948133-05:00
