url,filing_uuid,filing_type,filing_type_display,filing_year,filing_period,filing_period_display,filing_document_url,filing_document_content_type,income,expenses,expenses_method,expenses_method_display,posted_by_name,dt_posted,termination_date,registrant_country,registrant_ppb_country,registrant_address_1,registrant_address_2,registrant_different_address,registrant_city,registrant_state,registrant_zip,registrant,client,lobbying_activities,conviction_disclosures,foreign_entities,affiliated_organizations,issue_codes,i_URB,i_MED,i_TRA,i_TAX,i_LAW,i_AVI,i_PHA,i_EDU,i_CAW,i_ENV,i_RES,i_FIN,i_BUD,i_SCI,i_ECN,i_CSP,i_ENG,i_MMM,i_HCR,i_RET,i_TEC,i_NAT,i_NUMBER,i_EMPTY,c_id,c_url,c_client_id,c_name,c_general_description,c_client_government_entity,c_client_self_select,c_state,c_state_display,c_country,c_country_display,c_ppb_state,c_ppb_state_display,c_ppb_country,c_ppb_country_display,c_effective_date,r_id,r_url,r_house_registrant_id,r_name,r_description,r_address_1,r_address_2,r_address_3,r_address_4,r_city,r_state,r_state_display,r_zip,r_country,r_country_display,r_ppb_country,r_ppb_country_display,r_contact_name,r_contact_telephone,r_dt_updated
https://lda.senate.gov/api/v1/filings/fb748e7f-d91f-4579-ab42-37a572c16396/,fb748e7f-d91f-4579-ab42-37a572c16396,1@,1st Quarter - Termination Amendment,2021,first_quarter,1st Quarter (Jan 1 - Mar 31),https://lda.senate.gov/filings/public/filing/fb748e7f-d91f-4579-ab42-37a572c16396/print/,text/html,7000.0,,,,Scott Cosco,2021-04-06T11:40:19.033000-04:00,2021-03-31,United States of America,,"1412 Kanawha Blvd., East",,False,Charleston,WV,25301,"{'id': 401105932, 'url': 'https://lda.senate.gov/api/v1/registrants/401105932/', 'house_registrant_id': 401105932, 'name': 'HARTMAN HARMAN COSCO LLC', 'description': 'Government Relations Firm', 'address_1': '1412 Kanawha Blvd., East', 'address_2': None, 'address_3': None, 'address_4': None, 'city': 'Charleston', 'state': 'WV', 'state_display': 'West Virginia', 'zip': '25301', 'country': 'US', 'country_display': 'United States of America', 'ppb_country': 'US', 'ppb_country_display': 'United States of America', 'contact_name': 'SCOTT COSCO', 'contact_telephone': '+1 800-346-5127', 'dt_updated': '2022-05-27T13:50:55.741044-04:00'}","{'id': 208622, 'url': 'https://lda.senate.gov/api/v1/clients/208622/', 'client_id': 12, 'name': 'HUMANITY FORWARD', 'general_description': 'Humanity Forward, 501(c)(4) dedicated to advancing economic interests US Citizens', 'client_government_entity': False, 'client_self_select': None, 'state': 'DC', 'state_display': 'District of Columbia', 'country': 'US', 'country_display': 'United States of America', 'ppb_state': 'DC', 'ppb_state_display': 'District of Columbia', 'ppb_country': 'US', 'ppb_country_display': 'United States of America', 'effective_date': '2021-02-05'}","[{'general_issue_code': 'ECN', 'general_issue_code_display': 'Economics/Economic Development', 'description': 'Support for stimulus payments to citizens.', 'foreign_entity_issues': '', 'lobbyists': [{'lobbyist': {'id': 93453, 'prefix': None, 'prefix_display': None, 'first_name': 'SCOTT', 'nickname': None, 'middle_name': None, 'last_name': 'COSCO', 'suffix': None, 'suffix_display': None}, 'covered_position': None, 'new': True}], 'government_entities': [{'id': 1, 'name': 'SENATE'}]}]",[],[],[],['ECN'],0,0,0,0,0,0,0,0,0,0,0,0,0,0,1,0,0,0,0,0,0,0,1,0,208622,https://lda.senate.gov/api/v1/clients/208622/,12,HUMANITY FORWARD,"Humanity Forward, 501(c)(4) dedicated to advancing economic interests US Citizens",False,,DC,District of Columbia,US,United States of America,DC,District of Columbia,US,United States of America,2021-02-05,401105932,https://lda.senate.gov/api/v1/registrants/401105932/,401105932,HARTMAN HARMAN COSCO LLC,Government Relations Firm,"1412 Kanawha Blvd., East",,,,Charleston,WV,West Virginia,25301,US,United States of America,US,United States of America,SCOTT COSCO,+1 800-346-5127,2022-05-27T13:50:55.741044-04:00
https://lda.senate.gov/api/v1/filings/c0748c19-c72e-4e14-bc5a-af1ce0035b20/,c0748c19-c72e-4e14-bc5a-af1ce0035b20,1@,1st Quarter - Termination Amendment,2021,first_quarter,1st Quarter (Jan 1 - Mar 31),https://lda.senate.gov/filings/public/filing/c0748c19-c72e-4e14-bc5a-af1ce0035b20/print/,text/html,75000.0,,,,Nicolas Muzin,2021-04-07T18:41:52.310000-04:00,2021-01-20,United States of America,,800 Stonington Road,,False,Silver Spring,MD,20902,"{'id': 401105189, 'url': 'https://lda.senate.gov/api/v1/registrants/401105189/', 'house_registrant_id': 401105189, 'name': 'STONINGTON GLOBAL', 'description': 'Government affairs consulting', 'address_1': '800 Stonington Road', 'address_2': None, 'address_3': None, 'address_4': None, 'city': 'Silver Spring', 'state': 'MD', 'state_display': 'Maryland', 'zip': '20902', 'country': 'US', 'country_display': 'United States of America', 'ppb_country': 'US', 'ppb_country_display': 'United States of America', 'contact_name': 'NICK MUZIN', 'contact_telephone': '+1 202-858-1100', 'dt_updated': '2024-01-04T19:44:31.659612-05:00'}","{'id': 207998, 'url': 'https://lda.senate.gov/api/v1/clients/207998/', 'client_id': 87, 'name': 'BARRY (DOVI) WACHSLER', 'general_description': 'Manufacturing', 'client_government_entity': False, 'client_self_select': None, 'state': 'NY', 'state_display': 'New York', 'country': 'US', 'country_display': 'United States of America', 'ppb_state': 'NY', 'ppb_state_display': 'New York', 'ppb_country': 'US', 'ppb_country_display': 'United States of America', 'effective_date': '2020-12-01'}","[{'general_issue_code': 'LAW', 'general_issue_code_display': 'Law Enforcement/Crime/Criminal Justice', 'description': 'Criminal justice and clemency issues', 'foreign_entity_issues': '', 'lobbyists': [{'lobbyist': {'id': 72304, 'prefix': None, 'prefix_display': None, 'first_name': 'NICOLAS', 'nickname': None, 'middle_name': 'DAVID', 'last_name': 'MUZIN', 'suffix': None, 'suffix_display': None}, 'covered_position': None, 'new': False}], 'government_entities': [{'id': 11, 'name': 'Executive Office of the President (EOP)'}, {'id': 2, 'name': 'HOUSE OF REPRESENTATIVES'}, {'id': 1, 'name': 'SENATE'}, {'id': 12, 'name': 'White House Office'}]}]",[],[],[],['LAW'],0,0,0,0,1,0,0,0,0,0,0,0,0,0,0,0,0,0,0,0,0,0,1,0,207998,https://lda.senate.gov/api/v1/clients/207998/,87,BARRY (DOVI) WACHSLER,Manufacturing,False,,NY,New York,US,United States of America,NY,New York,US,United States of America,2020-12-01,401105189,https://lda.senate.gov/api/v1/registrants/401105189/,401105189,STONINGTON GLOBAL,Government affairs consulting,800 Stonington Road,,,,Silver Spring,MD,Maryland,20902,US,United States of America,US,United States of America,NICK MUZIN,+1 202-858-1100,2024-01-04T19:44:31.659612-05:00
https://lda.senate.gov/api/v1/filings/675c8037-ce11-4d47-bcd1-87a49259d934/,675c8037-ce11-4d47-bcd1-87a49259d934,1@,1st Quarter - Termination Amendment,2021,first_quarter,1st Quarter (Jan 1 - Mar 31),https://lda.senate.gov/filings/public/filing/675c8037-ce11-4d47-bcd1-87a49259d934/print/,text/html,,,,,Jeffrey Miller,2021-04-16T12:14:58.637000-04:00,2021-01-01,United States of America,,P.O. Box 625,,False,Buda,TX,78610,"{'id': 401104313, 'url': 'https://lda.senate.gov/api/v1/registrants/401104313/', 'house_registrant_id': 401104313, 'name': 'MILLER STRATEGIES, LLC', 'description': 'strategic public affairs', 'address_1': 'P.O. Box 625', 'address_2': None, 'address_3': None, 'address_4': None, 'city': 'Buda', 'state': 'TX', 'state_display': 'Texas', 'zip': '78610', 'country': 'US', 'country_display': 'United States of America', 'ppb_country': 'US', 'ppb_country_display': 'United States of America', 'contact_name': 'JEFFREY MILLER', 'contact_telephone': '+1 202-434-8242', 'dt_updated': '2024-01-30T15:29:29.633467-05:00'}","{'id': 201366, 'url': 'https://lda.senate.gov/api/v1/clients/201366/', 'client_id': 48, 'name': 'AMENTUM SERVICES, INC. (FORMERLY KNOWN AS AECOM)', 'general_description': '&#226;€‹engineering company', 'client_government_entity': False, 'client_self_select': None, 'state': 'DC', 'state_display': 'District of Columbia', 'country': 'US', 'country_display': 'United States of America', 'ppb_state': 'MD', 'ppb_state_display': 'Maryland', 'ppb_country': 'US', 'ppb_country_display': 'United States of America', 'effective_date': '2020-01-01'}","[{'general_issue_code': 'BUD', 'general_issue_code_display': 'Budget/Appropriations', 'description': 'Environmental clean-up, infrastructure and various funding issues.', 'foreign_entity_issues': '', 'lobbyists': [{'lobbyist': {'id': 65463, 'prefix': None, 'prefix_display': None, 'first_name': 'JEFFREY', 'nickname': None, 'middle_name': None, 'last_name': 'MILLER', 'suffix': None, 'suffix_display': None}, 'covered_position': None, 'new': False}], 'government_entities': []}, {'general_issue_code': 'ENG', 'general_issue_code_display': 'Energy/Nuclear', 'description': 'Environmental clean-up, infrastructure and various funding issues.', 'foreign_entity_issues': '', 'lobbyists': [{'lobbyist': {'id': 65463, 'prefix': None, 'prefix_display': None, 'first_name': 'JEFFREY', 'nickname': None, 'middle_name': None, 'last_name': 'MILLER', 'suffix': None, 'suffix_display': None}, 'covered_position': None, 'new': False}], 'government_entities': []}]",[],[],[],"['BUD', 'ENG']",0,0,0,0,0,0,0,0,0,0,0,0,1,0,0,0,1,0,0,0,0,0,2,0,201366,https://lda.senate.gov/api/v1/clients/201366/,48,"AMENTUM SERVICES, INC. (FORMERLY KNOWN AS AECOM)",&#226;€‹engineering company,False,,DC,District of Columbia,US,United States of America,MD,Maryland,US,United States of America,2020-01-01,401104313,https://lda.senate.gov/api/v1/registrants/401104313/,401104313,"MILLER STRATEGIES, LLC",strategic public affairs,P.O. Box 625,,,,Buda,TX,Texas,78610,US,United States of America,US,United States of America,JEFFREY MILLER,+1 202-434-8242,2024-01-30T15:29:29.633467-05:00
https://lda.senate.gov/api/v1/filings/62c77a79-50a6-4431-8376-0fefcef624fa/,62c77a79-50a6-4431-8376-0fefcef624fa,1@,1st Quarter - Termination Amendment,2021,first_quarter,1st Quarter (Jan 1 - Mar 31),https://lda.senate.gov/filings/public/filing/62c77a79-50a6-4431-8376-0fefcef624fa/print/,text/html,50000.0,,,,Daniel J. Gans,2021-04-22T15:00:30.373000-04:00,2021-03-31,United States of America,,PO BOX 1304,,False,Alexandria,VA,22313,"{'id': 307730, 'url': 'https://lda.senate.gov/api/v1/registrants/307730/', 'house_registrant_id': 38166, 'name': 'POLARIS GOVERNMENT RELATIONS, LLC', 'description': 'Government Affairs Firm', 'address_1': 'PO BOX 1304', 'address_2': None, 'address_3': None, 'address_4': None, 'city': 'Alexandria', 'state': 'VA', 'state_display': 'Virginia', 'zip': '22313', 'country': 'US', 'country_display': 'United States of America', 'ppb_country': 'US', 'ppb_country_display': 'United States of America', 'contact_name': 'MR. DANIEL J. GANS', 'contact_telephone': '+1 202-547-7313', 'dt_updated': '2024-01-21T15:03:33.860921-05:00'}","{'id': 182549, 'url': 'https://lda.senate.gov/api/v1/clients/182549/', 'client_id': 1001993, 'name': 'QUICKEN LOANS', 'general_description': 'Residential Mortgage Lender', 'client_government_entity': False, 'client_self_select': None, 'state': 'MI', 'state_display': 'Michigan', 'country': 'US', 'country_display': 'United States of America', 'ppb_state': 'MI', 'ppb_state_display': 'Michigan', 'ppb_country': 'US', 'ppb_country_display': 'United States of America', 'effective_date': '2017-01-01'}","[{'general_issue_code': 'TAX', 'general_issue_code_display': 'Taxation/Internal Revenue Code', 'description': 'Advocacy related to delaying the federal filing deadline;', 'foreign_entity_issues': '', 'lobbyists': [{'lobbyist': {'id': 46545, 'prefix': 'mr', 'prefix_display': 'MR.', 'first_name': 'DANIEL', 'nickname': None, 'middle_name': 'J', 'last_name': 'GANS', 'suffix': None, 'suffix_display': None}, 'covered_position': None, 'new': False}, {'lobbyist': {'id': 64736, 'prefix': None, 'prefix_display': None, 'first_name': 'JON', 'nickname': None, 'middle_name': None, 'last_name': 'GANS', 'suffix': None, 'suffix_display': None}, 'covered_position': None, 'new': False}, {'lobbyist': {'id': 46897, 'prefix': None, 'prefix_display': None, 'first_name': 'BRYAN', 'nickname': None, 'middle_name': None, 'last_name': 'CUNNINGHAM', 'suffix': None, 'suffix_display': None}, 'covered_position': None, 'new': False}], 'government_entities': [{'id': 2, 'name': 'HOUSE OF REPRESENTATIVES'}, {'id': 1, 'name': 'SENATE'}]}, {'general_issue_code': 'FIN', 'general_issue_code_display': 'Financial Institutions/Investments/Securities', 'description': 'Provide advice and counsel on matters affecting Financial Institutions and Related Companies, specifically issues related to Implementation of the Dodd-Frank Financial Regulatory Reform Act;\nOn-line and data privacy issues, generally; police reform advocacy', 'foreign_entity_issues': '', 'lobbyists': [{'lobbyist': {'id': 46545, 'prefix': 'mr', 'prefix_display': 'MR.', 'first_name': 'DANIEL', 'nickname': None, 'middle_name': 'J', 'last_name': 'GANS', 'suffix': None, 'suffix_display': None}, 'covered_position': None, 'new': False}, {'lobbyist': {'id': 64736, 'prefix': None, 'prefix_display': None, 'first_name': 'JON', 'nickname': None, 'middle_name': None, 'last_name': 'GANS', 'suffix': None, 'suffix_display': None}, 'covered_position': None, 'new': False}, {'lobbyist': {'id': 46897, 'prefix': None, 'prefix_display': None, 'first_name': 'BRYAN', 'nickname': None, 'middle_name': None, 'last_name': 'CUNNINGHAM', 'suffix': None, 'suffix_display': None}, 'covered_position': None, 'new': False}], 'government_entities': [{'id': 2, 'name': 'HOUSE OF REPRESENTATIVES'}, {'id': 1, 'name': 'SENATE'}]}]",[],[],[],"['TAX', 'FIN']",0,0,0,1,0,0,0,0,0,0,0,1,0,0,0,0,0,0,0,0,0,0,2,0,182549,https://lda.senate.gov/api/v1/clients/182549/,1001993,QUICKEN LOANS,Residential Mortgage Lender,False,,MI,Michigan,US,United States of America,MI,Michigan,US,United States of America,2017-01-01,307730,https://lda.senate.gov/api/v1/registrants/307730/,38166,"POLARIS GOVERNMENT RELATIONS, LLC",Government Affairs Firm,PO BOX 1304,,,,Alexandria,VA,Virginia,22313,US,United States of America,US,United States of America,MR. DANIEL J. GANS,+1 202-547-7313,2024-01-21T15:03:33.860921-05:00
https://lda.senate.gov/api/v1/filings/2c5117ae-69ef-40e0-bd02-ce915d42e166/,2c5117ae-69ef-40e0-bd02-ce915d42e166,1@,1st Quarter - Termination Amendment,2021,first_quarter,1st Quarter (Jan 1 - Mar 31),https://lda.senate.gov/filings/public/filing/2c5117ae-69ef-40e0-bd02-ce915d42e166/print/,text/html,,,,,Marc Himmelstein,2021-05-04T11:49:39.833000-04:00,2021-01-01,United States of America,,2600 Virginia Avenue NW #505,,False,Washington,DC,20037,"{'id': 27775, 'url': 'https://lda.senate.gov/api/v1/registrants/27775/', 'house_registrant_id': 31212, 'name': 'NATIONAL ENVIRONMENTAL STRATEGIES', 'description': 'Advice and advocacy on environmental issues', 'address_1': '3116 Woodland Dr NW', 'address_2': None, 'address_3': None, 'address_4': None, 'city': 'Washington', 'state': 'DC', 'state_display': 'District of Columbia', 'zip': '20008', 'country': 'US', 'country_display': 'United States of America', 'ppb_country': 'US', 'ppb_country_display': 'United States of America', 'contact_name': 'MADONNA MITCHELL', 'contact_telephone': '+1 202-333-2524', 'dt_updated': '2024-01-29T13:54:04.514973-05:00'}","{'id': 134446, 'url': 'https://lda.senate.gov/api/v1/clients/134446/', 'client_id': 1000901, 'name': 'MILLENNIUM BULK TERMINAL LONGVIEW LLC', 'general_description': 'Coal export terminal', 'client_government_entity': False, 'client_self_select': None, 'state': 'WA', 'state_display': 'Washington', 'country': 'US', 'country_display': 'United States of America', 'ppb_state': 'WA', 'ppb_state_display': 'Washington', 'ppb_country': 'US', 'ppb_country_display': 'United States of America', 'effective_date': '2018-01-01'}","[{'general_issue_code': 'CAW', 'general_issue_code_display': 'Clean Air and Water (quality)', 'description': 'EIS', 'foreign_entity_issues': '', 'lobbyists': [{'lobbyist': {'id': 12390, 'prefix': None, 'prefix_display': None, 'first_name': 'MARC', 'nickname': None, 'middle_name': None, 'last_name': 'HIMMELSTEIN', 'suffix': None, 'suffix_display': None}, 'covered_position': None, 'new': False}], 'government_entities': [{'id': 200, 'name': 'Army, Dept of (Corps of Engineers)'}, {'id': 15, 'name': 'Council on Environmental Quality (CEQ)'}, {'id': 49, 'name': 'Environmental Protection Agency (EPA)'}, {'id': 36, 'name': 'Interior, Dept of (DOI)'}]}]",[],[],[],['CAW'],0,0,0,0,0,0,0,0,1,0,0,0,0,0,0,0,0,0,0,0,0,0,1,0,134446,https://lda.senate.gov/api/v1/clients/134446/,1000901,MILLENNIUM BULK TERMINAL LONGVIEW LLC,Coal export terminal,False,,WA,Washington,US,United States of America,WA,Washington,US,United States of America,2018-01-01,27775,https://lda.senate.gov/api/v1/registrants/27775/,31212,NATIONAL ENVIRONMENTAL STRATEGIES,Advice and advocacy on environmental issues,3116 Woodland Dr NW,,,,Washington,DC,District of Columbia,20008,US,United States of America,US,United States of America,MADONNA MITCHELL,+1 202-333-2524,2024-01-29T13:54:04.514973-05:00
https://lda.senate.gov/api/v1/filings/16228899-7406-4b7c-8aad-88dd5f026360/,16228899-7406-4b7c-8aad-88dd5f026360,1@,1st Quarter - Termination Amendment,2021,first_quarter,1st Quarter (Jan 1 - Mar 31),https://lda.senate.gov/filings/public/filing/16228899-7406-4b7c-8aad-88dd5f026360/print/,text/html,,,,,Deva Kyle,2021-05-08T12:02:41.797000-04:00,2021-03-11,United States of America,,"805 15th Street, N.W.",Suite 1000,False,Washington,DC,20005,"{'id': 304953, 'url': 'https://lda.senate.gov/api/v1/registrants/304953/', 'house_registrant_id': 38241, 'name': 'BREDHOFF & KAISER, P.L.L.C.', 'description': 'Law firm', 'address_1': '805 15th Street, N.W.', 'address_2': 'Suite 1000', 'address_3': None, 'address_4': None, 'city': 'Washington', 'state': 'DC', 'state_display': 'District of Columbia', 'zip': '20005', 'country': 'US', 'country_display': 'United States of America', 'ppb_country': 'US', 'ppb_country_display': 'United States of America', 'contact_name': 'HANS-PETER VON THIELEN', 'contact_telephone': '+1 202-842-2600', 'dt_updated': '2022-04-06T16:08:20.563354-04:00'}","{'id': 181351, 'url': 'https://lda.senate.gov/api/v1/clients/181351/', 'client_id': 1003426, 'name': 'BAKERY AND CONFECTIONERY UNION & INDUSTRY INTERNATIONAL PENSION FUND', 'general_description': 'Union Health Fund', 'client_government_entity': False, 'client_self_select': None, 'state': 'MD', 'state_display': 'Maryland', 'country': 'US', 'country_display': 'United States of America', 'ppb_state': 'MD', 'ppb_state_display': 'Maryland', 'ppb_country': 'US', 'ppb_country_display': 'United States of America', 'effective_date': '2019-05-20'}","[{'general_issue_code': 'RET', 'general_issue_code_display': 'Retirement', 'description': 'pension relief', 'foreign_entity_issues': '', 'lobbyists': [{'lobbyist': {'id': 70747, 'prefix': None, 'prefix_display': None, 'first_name': 'DEVA', 'nickname': None, 'middle_name': None, 'last_name': 'KYLE', 'suffix': None, 'suffix_display': None}, 'covered_position': None, 'new': False}], 'government_entities': [{'id': 2, 'name': 'HOUSE OF REPRESENTATIVES'}, {'id': 1, 'name': 'SENATE'}]}]",[],[],[],['RET'],0,0,0,0,0,0,0,0,0,0,0,0,0,0,0,0,0,0,0,1,0,0,1,0,181351,https://lda.senate.gov/api/v1/clients/181351/,1003426,BAKERY AND CONFECTIONERY UNION & INDUSTRY INTERNATIONAL PENSION FUND,Union Health Fund,False,,MD,Maryland,US,United States of America,MD,Maryland,US,United States of America,2019-05-20,304953,https://lda.senate.gov/api/v1/registrants/304953/,38241,"BREDHOFF & KAISER, P.L.L.C.",Law firm,"805 15th Street, N.W.",Suite 1000,,,Washington,DC,District of Columbia,20005,US,United States of America,US,United States of America,HANS-PETER VON THIELEN,+1 202-842-2600,2022-04-06T16:08:20.563354-04:00
https://lda.senate.gov/api/v1/filings/947fb717-77c3-4cc9-b28b-59dfcb0789d5/,947fb717-77c3-4cc9-b28b-59dfcb0789d5,1@,1st Quarter - Termination Amendment,2021,first_quarter,1st Quarter (Jan 1 - Mar 31),https://lda.senate.gov/filings/public/filing/947fb717-77c3-4cc9-b28b-59dfcb0789d5/print/,text/html,10000.0,,,,Will Le,2021-05-10T16:15:09.110000-04:00,2021-02-01,United States of America,,"1700 K Street, NW",Suite 300,False,Washington,DC,20006,"{'id': 55291, 'url': 'https://lda.senate.gov/api/v1/registrants/55291/', 'house_registrant_id': 35132, 'name': 'BUCHANAN INGERSOLL & ROONEY PC', 'description': 'law firm', 'address_1': '1700 K Street, NW', 'address_2': 'Suite 300', 'address_3': None, 'address_4': None, 'city': 'Washington', 'state': 'DC', 'state_display': 'District of Columbia', 'zip': '20006', 'country': 'US', 'country_display': 'United States of America', 'ppb_country': 'US', 'ppb_country_display': 'United States of America', 'contact_name': 'WILL LE', 'contact_telephone': '+1 202-452-5783', 'dt_updated': '2024-01-30T10:47:25.465555-05:00'}","{'id': 159686, 'url': 'https://lda.senate.gov/api/v1/clients/159686/', 'client_id': 1005371, 'name': 'PHARMACEUTICAL ASSOCIATES, INC.', 'general_description': 'manufacturers of generic liquid pharmaceuticals', 'client_government_entity': False, 'client_self_select': None, 'state': 'NJ', 'state_display': 'New Jersey', 'country': 'US', 'country_display': 'United States of America', 'ppb_state': 'NJ', 'ppb_state_display': 'New Jersey', 'ppb_country': 'US', 'ppb_country_display': 'United States of America', 'effective_date': '2020-05-01'}","[{'general_issue_code': 'HCR', 'general_issue_code_display': 'Health Issues', 'description': ""Strategy development and implementation of company's federal government relations initiatives."", 'foreign_entity_issues': '', 'lobbyists': [{'lobbyist': {'id': 58343, 'prefix': 'mr', 'prefix_display': 'MR.', 'first_name': 'MICHAEL', 'nickname': None, 'middle_name': 'P', 'last_name': 'STRAZZELLA', 'suffix': None, 'suffix_display': None}, 'covered_position': None, 'new': False}, {'lobbyist': {'id': 57701, 'prefix': None, 'prefix_display': None, 'first_name': 'TIMOTHY', 'nickname': None, 'middle_name': None, 'last_name': 'COSTA', 'suffix': None, 'suffix_display': None}, 'covered_position': None, 'new': False}, {'lobbyist': {'id': 61183, 'prefix': None, 'prefix_display': None, 'first_name': 'ELIZABETH', 'nickname': None, 'middle_name': None, 'last_name': 'WESTBROOK', 'suffix': None, 'suffix_display': None}, 'covered_position': None, 'new': False}], 'government_entities': [{'id': 2, 'name': 'HOUSE OF REPRESENTATIVES'}, {'id': 1, 'name': 'SENATE'}]}, {'general_issue_code': 'MMM', 'general_issue_code_display': 'Medicare/Medicaid', 'description': ""Strategy development and implementation of company's federal government relations initiatives."", 'foreign_entity_issues': '', 'lobbyists': [{'lobbyist': {'id': 58343, 'prefix': 'mr', 'prefix_display': 'MR.', 'first_name': 'MICHAEL', 'nickname': None, 'middle_name': 'P', 'last_name': 'STRAZZELLA', 'suffix': None, 'suffix_display': None}, 'covered_position': None, 'new': False}, {'lobbyist': {'id': 57701, 'prefix': None, 'prefix_display': None, 'first_name': 'TIMOTHY', 'nickname': None, 'middle_name': None, 'last_name': 'COSTA', 'suffix': None, 'suffix_display': None}, 'covered_position': None, 'new': False}, {'lobbyist': {'id': 61183, 'prefix': None, 'prefix_display': None, 'first_name': 'ELIZABETH', 'nickname': None, 'middle_name': None, 'last_name': 'WESTBROOK', 'suffix': None, 'suffix_display': None}, 'covered_position': None, 'new': False}], 'government_entities': [{'id': 2, 'name': 'HOUSE OF REPRESENTATIVES'}, {'id': 1, 'name': 'SENATE'}]}, {'general_issue_code': 'PHA', 'general_issue_code_display': 'Pharmacy', 'description': ""Strategy development and implementation of company's federal government relations initiatives."", 'foreign_entity_issues': '', 'lobbyists': [{'lobbyist': {'id': 58343, 'prefix': 'mr', 'prefix_display': 'MR.', 'first_name': 'MICHAEL', 'nickname': None, 'middle_name': 'P', 'last_name': 'STRAZZELLA', 'suffix': None, 'suffix_display': None}, 'covered_position': None, 'new': False}, {'lobbyist': {'id': 57701, 'prefix': None, 'prefix_display': None, 'first_name': 'TIMOTHY', 'nickname': None, 'middle_name': None, 'last_name': 'COSTA', 'suffix': None, 'suffix_display': None}, 'covered_position': None, 'new': False}, {'lobbyist': {'id': 61183, 'prefix': None, 'prefix_display': None, 'first_name': 'ELIZABETH', 'nickname': None, 'middle_name': None, 'last_name': 'WESTBROOK', 'suffix': None, 'suffix_display': None}, 'covered_position': None, 'new': False}], 'government_entities': [{'id': 2, 'name': 'HOUSE OF REPRESENTATIVES'}, {'id': 1, 'name': 'SENATE'}]}]",[],[],[],"['HCR', 'MMM', 'PHA']",0,0,0,0,0,0,1,0,0,0,0,0,0,0,0,0,0,1,1,0,0,0,3,0,159686,https://lda.senate.gov/api/v1/clients/159686/,1005371,"PHARMACEUTICAL ASSOCIATES, INC.",manufacturers of generic liquid pharmaceuticals,False,,NJ,New Jersey,US,United States of America,NJ,New Jersey,US,United States of America,2020-05-01,55291,https://lda.senate.gov/api/v1/registrants/55291/,35132,BUCHANAN INGERSOLL & ROONEY PC,law firm,"1700 K Street, NW",Suite 300,,,Washington,DC,District of Columbia,20006,US,United States of America,US,United States of America,WILL LE,+1 202-452-5783,2024-01-30T10:47:25.465555-05:00
https://lda.senate.gov/api/v1/filings/2b97efdc-e1d9-48c7-9cd5-8c054a7bc268/,2b97efdc-e1d9-48c7-9cd5-8c054a7bc268,1@,1st Quarter - Termination Amendment,2021,first_quarter,1st Quarter (Jan 1 - Mar 31),https://lda.senate.gov/filings/public/filing/2b97efdc-e1d9-48c7-9cd5-8c054a7bc268/print/,text/html,,,,,Robert Canavan,2021-05-28T11:25:24.137000-04:00,2021-01-01,United States of America,,1440 N Street NW,,False,Washington,DC,20005,"{'id': 14360, 'url': 'https://lda.senate.gov/api/v1/registrants/14360/', 'house_registrant_id': 33983, 'name': 'FEDERAL MANAGEMENT STRATEGIES, INC.', 'description': 'Education Consulting', 'address_1': '1440 South Street NW', 'address_2': None, 'address_3': None, 'address_4': None, 'city': 'Washington', 'state': 'DC', 'state_display': 'District of Columbia', 'zip': '20009', 'country': 'US', 'country_display': 'United States of America', 'ppb_country': 'US', 'ppb_country_display': 'United States of America', 'contact_name': 'ROBERT P. CANAVAN', 'contact_telephone': '+1 202-462-5911', 'dt_updated': '2022-09-28T14:28:06.534023-04:00'}","{'id': 119638, 'url': 'https://lda.senate.gov/api/v1/clients/119638/', 'client_id': 253, 'name': 'ORANGE COUNTY DEPARTMENT OF EDUCATION', 'general_description': None, 'client_government_entity': False, 'client_self_select': None, 'state': 'CA', 'state_display': 'California', 'country': 'US', 'country_display': 'United States of America', 'ppb_state': 'CA', 'ppb_state_display': 'California', 'ppb_country': 'US', 'ppb_country_display': 'United States of America', 'effective_date': '2007-07-17'}","[{'general_issue_code': 'EDU', 'general_issue_code_display': 'Education', 'description': 'K-12 Education Issues and Funding\nIDEA - special education issues and funding', 'foreign_entity_issues': '', 'lobbyists': [{'lobbyist': {'id': 47285, 'prefix': 'mr', 'prefix_display': 'MR.', 'first_name': 'ROBERT', 'nickname': None, 'middle_name': 'PAUL', 'last_name': 'CANAVAN', 'suffix': None, 'suffix_display': None}, 'covered_position': None, 'new': False}], 'government_entities': [{'id': 2, 'name': 'HOUSE OF REPRESENTATIVES'}, {'id': 1, 'name': 'SENATE'}]}]",[],[],[],['EDU'],0,0,0,0,0,0,0,1,0,0,0,0,0,0,0,0,0,0,0,0,0,0,1,0,119638,https://lda.senate.gov/api/v1/clients/119638/,253,ORANGE COUNTY DEPARTMENT OF EDUCATION,,False,,CA,California,US,United States of America,CA,California,US,United States of America,2007-07-17,14360,https://lda.senate.gov/api/v1/registrants/14360/,33983,"FEDERAL MANAGEMENT STRATEGIES, INC.",Education Consulting,1440 South Street NW,,,,Washington,DC,District of Columbia,20009,US,United States of America,US,United States of America,ROBERT P. CANAVAN,+1 202-462-5911,2022-09-28T14:28:06.534023-04:00
https://lda.senate.gov/api/v1/filings/9a577105-602e-4f22-ae3b-3e32b96b6a3a/,9a577105-602e-4f22-ae3b-3e32b96b6a3a,1@,1st Quarter - Termination Amendment,2021,first_quarter,1st Quarter (Jan 1 - Mar 31),https://lda.senate.gov/filings/public/filing/9a577105-602e-4f22-ae3b-3e32b96b6a3a/print/,text/html,30000.0,,,,Sara Nuvy,2021-07-18T20:33:18-04:00,2021-02-14,United States of America,,"601 Thirteenth St, NW",Suite 450 N,False,Washington,DC,20005,"{'id': 401104288, 'url': 'https://lda.senate.gov/api/v1/registrants/401104288/', 'house_registrant_id': 401104288, 'name': 'BALLARD PARTNERS', 'description': 'Government relations and advocacy services', 'address_1': '601 Thirteenth St, NW', 'address_2': 'Suite 250 S', 'address_3': None, 'address_4': None, 'city': 'Washington', 'state': 'DC', 'state_display': 'District of Columbia', 'zip': '20005', 'country': 'US', 'country_display': 'United States of America', 'ppb_country': 'US', 'ppb_country_display': 'United States of America', 'contact_name': 'SARA NUVY', 'contact_telephone': '+1 202-800-5620', 'dt_updated': '2024-01-20T22:57:24.949472-05:00'}","{'id': 201225, 'url': 'https://lda.senate.gov/api/v1/clients/201225/', 'client_id': 393, 'name': 'LABORATORY CORPORATIONS OF AMERICA HOLDINGS', 'general_description': 'Specialty and General Laboratory Testing Services', 'client_government_entity': False, 'client_self_select': None, 'state': 'NC', 'state_display': 'North Carolina', 'country': 'US', 'country_display': 'United States of America', 'ppb_state': 'NC', 'ppb_state_display': 'North Carolina', 'ppb_country': 'US', 'ppb_country_display': 'United States of America', 'effective_date': '2017-08-15'}","[{'general_issue_code': 'MED', 'general_issue_code_display': 'Medical/Disease Research/Clinical Labs', 'description': 'Clinical lab rates.', 'foreign_entity_issues': '', 'lobbyists': [{'lobbyist': {'id': 65360, 'prefix': None, 'prefix_display': None, 'first_name': 'BRIAN', 'nickname': None, 'middle_name': None, 'last_name': 'BALLARD', 'suffix': None, 'suffix_display': None}, 'covered_position': None, 'new': False}, {'lobbyist': {'id': 65365, 'prefix': None, 'prefix_display': None, 'first_name': 'SYLVESTER', 'nickname': None, 'middle_name': None, 'last_name': 'LUKIS', 'suffix': None, 'suffix_display': None}, 'covered_position': None, 'new': False}, {'lobbyist': {'id': 65984, 'prefix': None, 'prefix_display': None, 'first_name': 'DANIEL', 'nickname': None, 'middle_name': None, 'last_name': 'MCFAUL', 'suffix': None, 'suffix_display': None}, 'covered_position': 'Legislative Director to U.S. Representative Joe Scarborough; Chief of Staff to U.S. Representatives Jeff Miller and Matt Gaetz.', 'new': False}, {'lobbyist': {'id': 65981, 'prefix': None, 'prefix_display': None, 'first_name': 'REBECCA', 'nickname': None, 'middle_name': None, 'last_name': 'BENN', 'suffix': None, 'suffix_display': None}, 'covered_position': 'LA to Sen. Cochran, Senate Committee on Appropriations.', 'new': False}], 'government_entities': [{'id': 34, 'name': 'Health & Human Services, Dept of (HHS)'}]}]",[],[],[],['MED'],0,1,0,0,0,0,0,0,0,0,0,0,0,0,0,0,0,0,0,0,0,0,1,0,201225,https://lda.senate.gov/api/v1/clients/201225/,393,LABORATORY CORPORATIONS OF AMERICA HOLDINGS,Specialty and General Laboratory Testing Services,False,,NC,North Carolina,US,United States of America,NC,North Carolina,US,United States of America,2017-08-15,401104288,https://lda.senate.gov/api/v1/registrants/401104288/,401104288,BALLARD PARTNERS,Government relations and advocacy services,"601 Thirteenth St, NW",Suite 250 S,,,Washington,DC,District of Columbia,20005,US,United States of America,US,United States of America,SARA NUVY,+1 202-800-5620,2024-01-20T22:57:24.949472-05:00
https://lda.senate.gov/api/v1/filings/8732725c-f139-4957-803f-aa4cf68e571c/,8732725c-f139-4957-803f-aa4cf68e571c,1@,1st Quarter - Termination Amendment,2021,first_quarter,1st Quarter (Jan 1 - Mar 31),https://lda.senate.gov/filings/public/filing/8732725c-f139-4957-803f-aa4cf68e571c/print/,text/html,10000.0,,,,David Frulla,2021-07-20T15:35:51.810000-04:00,2021-03-31,United States of America,,"3050 K STREET, NW",SUITE 400,False,WASHINGTON,DC,20007,"{'id': 307114, 'url': 'https://lda.senate.gov/api/v1/registrants/307114/', 'house_registrant_id': 38323, 'name': 'KELLEY DRYE & WARREN LLP', 'description': 'Law Firm.', 'address_1': '3050 K STREET, NW', 'address_2': 'SUITE 400', 'address_3': None, 'address_4': None, 'city': 'WASHINGTON', 'state': 'DC', 'state_display': 'District of Columbia', 'zip': '20007', 'country': 'US', 'country_display': 'United States of America', 'ppb_country': 'US', 'ppb_country_display': 'United States of America', 'contact_name': 'JEFFREY HUNTER', 'contact_telephone': '+1 202-342-8400', 'dt_updated': '2024-01-30T13:07:27.916150-05:00'}","{'id': 209721, 'url': 'https://lda.senate.gov/api/v1/clients/209721/', 'client_id': 1005002, 'name': 'CALISSON INC.', 'general_description': 'Product distribution', 'client_government_entity': False, 'client_self_select': None, 'state': 'CA', 'state_display': 'California', 'country': 'US', 'country_display': 'United States of America', 'ppb_state': 'CA', 'ppb_state_display': 'California', 'ppb_country': 'US', 'ppb_country_display': 'United States of America', 'effective_date': '2021-03-08'}","[{'general_issue_code': 'CSP', 'general_issue_code_display': 'Consumer Issues/Safety/Products', 'description': 'Issues related to FDA product compliance', 'foreign_entity_issues': '', 'lobbyists': [{'lobbyist': {'id': 12399, 'prefix': 'mrs', 'prefix_display': 'MRS.', 'first_name': 'DANA', 'nickname': None, 'middle_name': 'SCHNEEBERGER', 'last_name': 'WOOD', 'suffix': None, 'suffix_display': None}, 'covered_position': None, 'new': False}, {'lobbyist': {'id': 60750, 'prefix': None, 'prefix_display': None, 'first_name': 'SCOTT', 'nickname': None, 'middle_name': None, 'last_name': 'MCGEE', 'suffix': None, 'suffix_display': None}, 'covered_position': None, 'new': False}, {'lobbyist': {'id': 98799, 'prefix': None, 'prefix_display': None, 'first_name': 'KRISTI', 'nickname': None, 'middle_name': None, 'last_name': 'WOLFF', 'suffix': None, 'suffix_display': None}, 'covered_position': None, 'new': True}], 'government_entities': [{'id': 2, 'name': 'HOUSE OF REPRESENTATIVES'}, {'id': 1, 'name': 'SENATE'}]}]",[],[],[],['CSP'],0,0,0,0,0,0,0,0,0,0,0,0,0,0,0,1,0,0,0,0,0,0,1,0,209721,https://lda.senate.gov/api/v1/clients/209721/,1005002,CALISSON INC.,Product distribution,False,,CA,California,US,United States of America,CA,California,US,United States of America,2021-03-08,307114,https://lda.senate.gov/api/v1/registrants/307114/,38323,KELLEY DRYE & WARREN LLP,Law Firm.,"3050 K STREET, NW",SUITE 400,,,WASHINGTON,DC,District of Columbia,20007,US,United States of America,US,United States of America,JEFFREY HUNTER,+1 202-342-8400,2024-01-30T13:07:27.916150-05:00
https://lda.senate.gov/api/v1/filings/1ad3749d-360d-49a6-8bf3-1f351066f916/,1ad3749d-360d-49a6-8bf3-1f351066f916,1@,1st Quarter - Termination Amendment,2021,first_quarter,1st Quarter (Jan 1 - Mar 31),https://lda.senate.gov/filings/public/filing/1ad3749d-360d-49a6-8bf3-1f351066f916/print/,text/html,40000.0,,,,Sara Nuvy,2022-02-18T16:11:35-05:00,2021-01-31,United States of America,,"601 Thirteenth St, NW",Suite 450 N,False,Washington,DC,20005,"{'id': 401104288, 'url': 'https://lda.senate.gov/api/v1/registrants/401104288/', 'house_registrant_id': 401104288, 'name': 'BALLARD PARTNERS', 'description': 'Government relations and advocacy services', 'address_1': '601 Thirteenth St, NW', 'address_2': 'Suite 250 S', 'address_3': None, 'address_4': None, 'city': 'Washington', 'state': 'DC', 'state_display': 'District of Columbia', 'zip': '20005', 'country': 'US', 'country_display': 'United States of America', 'ppb_country': 'US', 'ppb_country_display': 'United States of America', 'contact_name': 'SARA NUVY', 'contact_telephone': '+1 202-800-5620', 'dt_updated': '2024-01-20T22:57:24.949472-05:00'}","{'id': 205371, 'url': 'https://lda.senate.gov/api/v1/clients/205371/', 'client_id': 1763, 'name': 'AVIATOR CAPITAL MANAGEMENT, LLC', 'general_description': 'Commercial aircraft leasing company', 'client_government_entity': False, 'client_self_select': None, 'state': 'FL', 'state_display': 'Florida', 'country': 'US', 'country_display': 'United States of America', 'ppb_state': 'FL', 'ppb_state_display': 'Florida', 'ppb_country': 'US', 'ppb_country_display': 'United States of America', 'effective_date': '2020-04-01'}","[{'general_issue_code': 'AVI', 'general_issue_code_display': 'Aviation/Airlines/Airports', 'description': 'Provide strategic counsel and engagement with legislative and executive branch on aviation finance priorities.', 'foreign_entity_issues': '', 'lobbyists': [{'lobbyist': {'id': 65360, 'prefix': None, 'prefix_display': None, 'first_name': 'BRIAN', 'nickname': None, 'middle_name': None, 'last_name': 'BALLARD', 'suffix': None, 'suffix_display': None}, 'covered_position': None, 'new': False}, {'lobbyist': {'id': 65365, 'prefix': None, 'prefix_display': None, 'first_name': 'SYLVESTER', 'nickname': None, 'middle_name': None, 'last_name': 'LUKIS', 'suffix': None, 'suffix_display': None}, 'covered_position': None, 'new': False}, {'lobbyist': {'id': 93936, 'prefix': None, 'prefix_display': None, 'first_name': 'HUNTER', 'nickname': None, 'middle_name': None, 'last_name': 'MORGEN', 'suffix': None, 'suffix_display': None}, 'covered_position': 'Policy Advisor, Office of Policy Planning, U.S. State Dept. (2017); Deputy Director, Office of Trade & Manufacturing Policy, WH (2017-2018); Special Assistant to the President, Office of the Senior Advisor for Policy, WH (2018-2020)', 'new': True}], 'government_entities': [{'id': 1, 'name': 'SENATE'}]}]",[],[],[],['AVI'],0,0,0,0,0,1,0,0,0,0,0,0,0,0,0,0,0,0,0,0,0,0,1,0,205371,https://lda.senate.gov/api/v1/clients/205371/,1763,"AVIATOR CAPITAL MANAGEMENT, LLC",Commercial aircraft leasing company,False,,FL,Florida,US,United States of America,FL,Florida,US,United States of America,2020-04-01,401104288,https://lda.senate.gov/api/v1/registrants/401104288/,401104288,BALLARD PARTNERS,Government relations and advocacy services,"601 Thirteenth St, NW",Suite 250 S,,,Washington,DC,District of Columbia,20005,US,United States of America,US,United States of America,SARA NUVY,+1 202-800-5620,2024-01-20T22:57:24.949472-05:00
https://lda.senate.gov/api/v1/filings/d5934ddf-24a9-4989-9e2f-75567a1ccdbf/,d5934ddf-24a9-4989-9e2f-75567a1ccdbf,1@,1st Quarter - Termination Amendment,2021,first_quarter,1st Quarter (Jan 1 - Mar 31),https://lda.senate.gov/filings/public/filing/d5934ddf-24a9-4989-9e2f-75567a1ccdbf/print/,text/html,60000.0,,,,Sara Nuvy,2022-02-23T12:38:36-05:00,2021-03-30,United States of America,,"601 Thirteenth St, NW",Suite 450 N,False,Washington,DC,20005,"{'id': 401104288, 'url': 'https://lda.senate.gov/api/v1/registrants/401104288/', 'house_registrant_id': 401104288, 'name': 'BALLARD PARTNERS', 'description': 'Government relations and advocacy services', 'address_1': '601 Thirteenth St, NW', 'address_2': 'Suite 250 S', 'address_3': None, 'address_4': None, 'city': 'Washington', 'state': 'DC', 'state_display': 'District of Columbia', 'zip': '20005', 'country': 'US', 'country_display': 'United States of America', 'ppb_country': 'US', 'ppb_country_display': 'United States of America', 'contact_name': 'SARA NUVY', 'contact_telephone': '+1 202-800-5620', 'dt_updated': '2024-01-20T22:57:24.949472-05:00'}","{'id': 206788, 'url': 'https://lda.senate.gov/api/v1/clients/206788/', 'client_id': 2028, 'name': 'ORCHESTRA TECHNOLOGY, INC.', 'general_description': 'Technology company', 'client_government_entity': False, 'client_self_select': None, 'state': 'NY', 'state_display': 'New York', 'country': 'US', 'country_display': 'United States of America', 'ppb_state': 'NY', 'ppb_state_display': 'New York', 'ppb_country': 'US', 'ppb_country_display': 'United States of America', 'effective_date': '2020-07-31'}","[{'general_issue_code': 'SCI', 'general_issue_code_display': 'Science/Technology', 'description': 'Issues related to cybersecurity.', 'foreign_entity_issues': 'Orchestra Group, Ltd. and OJI Orchestra Technologies, Ltd., identified on Registration (LD-1), own Orchestra Technology, Inc. and would therefore have an interest in the specific issues that are listed.', 'lobbyists': [{'lobbyist': {'id': 65360, 'prefix': None, 'prefix_display': None, 'first_name': 'BRIAN', 'nickname': None, 'middle_name': None, 'last_name': 'BALLARD', 'suffix': None, 'suffix_display': None}, 'covered_position': None, 'new': False}, {'lobbyist': {'id': 65365, 'prefix': None, 'prefix_display': None, 'first_name': 'SYLVESTER', 'nickname': None, 'middle_name': None, 'last_name': 'LUKIS', 'suffix': None, 'suffix_display': None}, 'covered_position': None, 'new': False}], 'government_entities': [{'id': 201, 'name': 'Homeland Security, Dept of (DHS)'}]}]",[],[],[],['SCI'],0,0,0,0,0,0,0,0,0,0,0,0,0,1,0,0,0,0,0,0,0,0,1,0,206788,https://lda.senate.gov/api/v1/clients/206788/,2028,"ORCHESTRA TECHNOLOGY, INC.",Technology company,False,,NY,New York,US,United States of America,NY,New York,US,United States of America,2020-07-31,401104288,https://lda.senate.gov/api/v1/registrants/401104288/,401104288,BALLARD PARTNERS,Government relations and advocacy services,"601 Thirteenth St, NW",Suite 250 S,,,Washington,DC,District of Columbia,20005,US,United States of America,US,United States of America,SARA NUVY,+1 202-800-5620,2024-01-20T22:57:24.949472-05:00
https://lda.senate.gov/api/v1/filings/9a734695-5dc1-4cbb-a276-248cf4930a06/,9a734695-5dc1-4cbb-a276-248cf4930a06,1@,1st Quarter - Termination Amendment,2021,first_quarter,1st Quarter (Jan 1 - Mar 31),https://lda.senate.gov/filings/public/filing/9a734695-5dc1-4cbb-a276-248cf4930a06/print/,text/html,60000.0,,,,Kimberley Fritts,2022-03-22T10:41:51-04:00,2021-03-31,United States of America,,2550 M Street NW,2nd Floor,False,Washington,DC,20037,"{'id': 401104684, 'url': 'https://lda.senate.gov/api/v1/registrants/401104684/', 'house_registrant_id': 401104684, 'name': 'COGENT STRATEGIES LLC', 'description': 'Public affairs firm', 'address_1': '2550 M Street, NW', 'address_2': '3rd Floor', 'address_3': None, 'address_4': None, 'city': 'Washington', 'state': 'DC', 'state_display': 'District of Columbia', 'zip': '20037', 'country': 'US', 'country_display': 'United States of America', 'ppb_country': 'US', 'ppb_country_display': 'United States of America', 'contact_name': 'KIMBERLEY FRITTS', 'contact_telephone': '+1 202-569-5561', 'dt_updated': '2024-01-16T16:52:18.113779-05:00'}","{'id': 202321, 'url': 'https://lda.senate.gov/api/v1/clients/202321/', 'client_id': 24, 'name': 'ENTERPRISE HOLDINGS', 'general_description': 'Car and truck rental, car sharing, fleet management and transportation services', 'client_government_entity': False, 'client_self_select': None, 'state': 'MO', 'state_display': 'Missouri', 'country': 'US', 'country_display': 'United States of America', 'ppb_state': 'MO', 'ppb_state_display': 'Missouri', 'ppb_country': 'US', 'ppb_country_display': 'United States of America', 'effective_date': '2017-12-01'}","[{'general_issue_code': 'TAX', 'general_issue_code_display': 'Taxation/Internal Revenue Code', 'description': '- General issues related to tax policies affecting rental car companies and consumers - H.R. 4311 - End Discriminatory State Taxes for Automobile Renters Act of 2019 - Issues related to COVID-19 stimulus', 'foreign_entity_issues': '', 'lobbyists': [{'lobbyist': {'id': 67301, 'prefix': None, 'prefix_display': None, 'first_name': 'SHELLIE', 'nickname': None, 'middle_name': None, 'last_name': 'PURVIS', 'suffix': None, 'suffix_display': None}, 'covered_position': None, 'new': False}, {'lobbyist': {'id': 67226, 'prefix': None, 'prefix_display': None, 'first_name': 'CLAUDIA', 'nickname': None, 'middle_name': None, 'last_name': 'JAMES', 'suffix': None, 'suffix_display': None}, 'covered_position': None, 'new': False}, {'lobbyist': {'id': 67222, 'prefix': None, 'prefix_display': None, 'first_name': 'RANDALL', 'nickname': None, 'middle_name': None, 'last_name': 'GERARD', 'suffix': None, 'suffix_display': None}, 'covered_position': None, 'new': False}, {'lobbyist': {'id': 67220, 'prefix': None, 'prefix_display': None, 'first_name': 'ANDREW', 'nickname': None, 'middle_name': None, 'last_name': 'KAUDERS', 'suffix': None, 'suffix_display': None}, 'covered_position': None, 'new': False}, {'lobbyist': {'id': 72735, 'prefix': None, 'prefix_display': None, 'first_name': 'KIMBERLEY', 'nickname': None, 'middle_name': None, 'last_name': 'FRITTS', 'suffix': None, 'suffix_display': None}, 'covered_position': None, 'new': False}], 'government_entities': [{'id': 2, 'name': 'HOUSE OF REPRESENTATIVES'}, {'id': 1, 'name': 'SENATE'}]}, {'general_issue_code': 'TRA', 'general_issue_code_display': 'Transportation', 'description': '- Issues related to autonomous vehicles - Issues related to vehicular data access - Issues related to privacy - Implementation issues related to Federal Aviation Administration Reauthorization Act - Issues related to COVID-19 stimulus', 'foreign_entity_issues': '', 'lobbyists': [{'lobbyist': {'id': 67301, 'prefix': None, 'prefix_display': None, 'first_name': 'SHELLIE', 'nickname': None, 'middle_name': None, 'last_name': 'PURVIS', 'suffix': None, 'suffix_display': None}, 'covered_position': None, 'new': False}, {'lobbyist': {'id': 107264, 'prefix': None, 'prefix_display': None, 'first_name': 'EDDA', 'nickname': None, 'middle_name': None, 'last_name': 'COLLINS COLEMAN', 'suffix': None, 'suffix_display': None}, 'covered_position': None, 'new': True}, {'lobbyist': {'id': 67226, 'prefix': None, 'prefix_display': None, 'first_name': 'CLAUDIA', 'nickname': None, 'middle_name': None, 'last_name': 'JAMES', 'suffix': None, 'suffix_display': None}, 'covered_position': None, 'new': False}, {'lobbyist': {'id': 67222, 'prefix': None, 'prefix_display': None, 'first_name': 'RANDALL', 'nickname': None, 'middle_name': None, 'last_name': 'GERARD', 'suffix': None, 'suffix_display': None}, 'covered_position': None, 'new': False}, {'lobbyist': {'id': 67220, 'prefix': None, 'prefix_display': None, 'first_name': 'ANDREW', 'nickname': None, 'middle_name': None, 'last_name': 'KAUDERS', 'suffix': None, 'suffix_display': None}, 'covered_position': None, 'new': False}, {'lobbyist': {'id': 72735, 'prefix': None, 'prefix_display': None, 'first_name': 'KIMBERLEY', 'nickname': None, 'middle_name': None, 'last_name': 'FRITTS', 'suffix': None, 'suffix_display': None}, 'covered_position': None, 'new': False}], 'government_entities': [{'id': 2, 'name': 'HOUSE OF REPRESENTATIVES'}, {'id': 1, 'name': 'SENATE'}]}]",[],[],[],"['TAX', 'TRA']",0,0,1,1,0,0,0,0,0,0,0,0,0,0,0,0,0,0,0,0,0,0,2,0,202321,https://lda.senate.gov/api/v1/clients/202321/,24,ENTERPRISE HOLDINGS,"Car and truck rental, car sharing, fleet management and transportation services",False,,MO,Missouri,US,United States of America,MO,Missouri,US,United States of America,2017-12-01,401104684,https://lda.senate.gov/api/v1/registrants/401104684/,401104684,COGENT STRATEGIES LLC,Public affairs firm,"2550 M Street, NW",3rd Floor,,,Washington,DC,District of Columbia,20037,US,United States of America,US,United States of America,KIMBERLEY FRITTS,+1 202-569-5561,2024-01-16T16:52:18.113779-05:00
https://lda.senate.gov/api/v1/filings/6637c97d-add5-4072-8877-dd9a8572bb0c/,6637c97d-add5-4072-8877-dd9a8572bb0c,1@,1st Quarter - Termination Amendment,2021,first_quarter,1st Quarter (Jan 1 - Mar 31),https://lda.senate.gov/filings/public/filing/6637c97d-add5-4072-8877-dd9a8572bb0c/print/,text/html,,,,,Sara Nuvy,2022-03-25T16:40:55-04:00,2021-02-22,United States of America,,"601 Thirteenth St, NW",Suite 450 N,False,Washington,DC,20005,"{'id': 401104288, 'url': 'https://lda.senate.gov/api/v1/registrants/401104288/', 'house_registrant_id': 401104288, 'name': 'BALLARD PARTNERS', 'description': 'Government relations and advocacy services', 'address_1': '601 Thirteenth St, NW', 'address_2': 'Suite 250 S', 'address_3': None, 'address_4': None, 'city': 'Washington', 'state': 'DC', 'state_display': 'District of Columbia', 'zip': '20005', 'country': 'US', 'country_display': 'United States of America', 'ppb_country': 'US', 'ppb_country_display': 'United States of America', 'contact_name': 'SARA NUVY', 'contact_telephone': '+1 202-800-5620', 'dt_updated': '2024-01-20T22:57:24.949472-05:00'}","{'id': 205351, 'url': 'https://lda.senate.gov/api/v1/clients/205351/', 'client_id': 1534, 'name': 'CBI ACQUISITIONS, LLC', 'general_description': 'Resort ownership and management.', 'client_government_entity': False, 'client_self_select': None, 'state': 'CT', 'state_display': 'Connecticut', 'country': 'US', 'country_display': 'United States of America', 'ppb_state': 'CT', 'ppb_state_display': 'Connecticut', 'ppb_country': 'US', 'ppb_country_display': 'United States of America', 'effective_date': '2020-01-23'}","[{'general_issue_code': 'RES', 'general_issue_code_display': 'Real Estate/Land Use/Conservation', 'description': 'Issues related to Retained Use Estate (RUE) and National Park Services land.', 'foreign_entity_issues': '', 'lobbyists': [{'lobbyist': {'id': 65360, 'prefix': None, 'prefix_display': None, 'first_name': 'BRIAN', 'nickname': None, 'middle_name': None, 'last_name': 'BALLARD', 'suffix': None, 'suffix_display': None}, 'covered_position': None, 'new': False}, {'lobbyist': {'id': 65984, 'prefix': None, 'prefix_display': None, 'first_name': 'DANIEL', 'nickname': None, 'middle_name': None, 'last_name': 'MCFAUL', 'suffix': None, 'suffix_display': None}, 'covered_position': 'Legislative Director to U.S. Representative Joe Scarborough; Chief of Staff to U.S. Representatives Jeff Miller and Matt Gaetz.', 'new': False}, {'lobbyist': {'id': 67634, 'prefix': None, 'prefix_display': None, 'first_name': 'JUSTIN', 'nickname': None, 'middle_name': 'J.', 'last_name': 'SAYFIE', 'suffix': None, 'suffix_display': None}, 'covered_position': 'Commissioner, Commission on White House Fellows.', 'new': False}], 'government_entities': [{'id': 36, 'name': 'Interior, Dept of (DOI)'}]}]",[],[],[],['RES'],0,0,0,0,0,0,0,0,0,0,1,0,0,0,0,0,0,0,0,0,0,0,1,0,205351,https://lda.senate.gov/api/v1/clients/205351/,1534,"CBI ACQUISITIONS, LLC",Resort ownership and management.,False,,CT,Connecticut,US,United States of America,CT,Connecticut,US,United States of America,2020-01-23,401104288,https://lda.senate.gov/api/v1/registrants/401104288/,401104288,BALLARD PARTNERS,Government relations and advocacy services,"601 Thirteenth St, NW",Suite 250 S,,,Washington,DC,District of Columbia,20005,US,United States of America,US,United States of America,SARA NUVY,+1 202-800-5620,2024-01-20T22:57:24.949472-05:00
https://lda.senate.gov/api/v1/filings/15a08ab6-a32c-40ea-a5d0-86ac01a900d9/,15a08ab6-a32c-40ea-a5d0-86ac01a900d9,1@,1st Quarter - Termination Amendment,2021,first_quarter,1st Quarter (Jan 1 - Mar 31),https://lda.senate.gov/filings/public/filing/15a08ab6-a32c-40ea-a5d0-86ac01a900d9/print/,text/html,16000.0,,,,Amanda Conklin,2022-11-08T18:16:18-05:00,2021-02-28,United States of America,,1401 Dove Street,Suite 330,False,Newport Beach,CA,92660,"{'id': 54734, 'url': 'https://lda.senate.gov/api/v1/registrants/54734/', 'house_registrant_id': 35094, 'name': 'TOWNSEND PUBLIC AFFAIRS, INC', 'description': 'government affairs', 'address_1': '1401 Dove Street', 'address_2': 'Suite 330', 'address_3': None, 'address_4': None, 'city': 'Newport Beach', 'state': 'CA', 'state_display': 'California', 'zip': '92660', 'country': 'US', 'country_display': 'United States of America', 'ppb_country': 'US', 'ppb_country_display': 'United States of America', 'contact_name': 'AMANDA CONKLIN', 'contact_telephone': '+1 949-399-9050', 'dt_updated': '2024-01-30T17:47:31.253712-05:00'}","{'id': 159065, 'url': 'https://lda.senate.gov/api/v1/clients/159065/', 'client_id': 963, 'name': 'CITY OF CARSON', 'general_description': 'City Work', 'client_government_entity': False, 'client_self_select': None, 'state': 'CA', 'state_display': 'California', 'country': 'US', 'country_display': 'United States of America', 'ppb_state': 'CA', 'ppb_state_display': 'California', 'ppb_country': 'US', 'ppb_country_display': 'United States of America', 'effective_date': '2014-05-01'}","[{'general_issue_code': 'URB', 'general_issue_code_display': 'Urban Development/Municipalities', 'description': 'urban development / brownfields', 'foreign_entity_issues': '', 'lobbyists': [{'lobbyist': {'id': 66072, 'prefix': None, 'prefix_display': None, 'first_name': 'LAURA', 'nickname': None, 'middle_name': None, 'last_name': 'KROEGER', 'suffix': None, 'suffix_display': None}, 'covered_position': 'Senior Associate', 'new': False}, {'lobbyist': {'id': 68141, 'prefix': None, 'prefix_display': None, 'first_name': 'ERIC', 'nickname': None, 'middle_name': None, 'last_name': ""O'DONNELL"", 'suffix': None, 'suffix_display': None}, 'covered_position': 'Senior Associate', 'new': False}, {'lobbyist': {'id': 48922, 'prefix': 'mr', 'prefix_display': 'MR.', 'first_name': 'NICCOLO', 'nickname': None, 'middle_name': 'S', 'last_name': 'DELUCA', 'suffix': None, 'suffix_display': None}, 'covered_position': 'Senior Director', 'new': False}], 'government_entities': [{'id': 49, 'name': 'Environmental Protection Agency (EPA)'}, {'id': 2, 'name': 'HOUSE OF REPRESENTATIVES'}]}, {'general_issue_code': 'AVI', 'general_issue_code_display': 'Aviation/Airlines/Airports', 'description': 'airport noise', 'foreign_entity_issues': '', 'lobbyists': [{'lobbyist': {'id': 66072, 'prefix': None, 'prefix_display': None, 'first_name': 'LAURA', 'nickname': None, 'middle_name': None, 'last_name': 'KROEGER', 'suffix': None, 'suffix_display': None}, 'covered_position': 'Senior Associate', 'new': False}, {'lobbyist': {'id': 68141, 'prefix': None, 'prefix_display': None, 'first_name': 'ERIC', 'nickname': None, 'middle_name': None, 'last_name': ""O'DONNELL"", 'suffix': None, 'suffix_display': None}, 'covered_position': 'Senior Associate', 'new': False}], 'government_entities': [{'id': 172, 'name': 'Federal Aviation Administration (FAA)'}, {'id': 2, 'name': 'HOUSE OF REPRESENTATIVES'}, {'id': 40, 'name': 'Transportation, Dept of (DOT)'}]}, {'general_issue_code': 'LAW', 'general_issue_code_display': 'Law Enforcement/Crime/Criminal Justice', 'description': 'law enforcement funding', 'foreign_entity_issues': '', 'lobbyists': [{'lobbyist': {'id': 68141, 'prefix': None, 'prefix_display': None, 'first_name': 'ERIC', 'nickname': None, 'middle_name': None, 'last_name': ""O'DONNELL"", 'suffix': None, 'suffix_display': None}, 'covered_position': 'Senior Associate', 'new': False}, {'lobbyist': {'id': 66072, 'prefix': None, 'prefix_display': None, 'first_name': 'LAURA', 'nickname': None, 'middle_name': None, 'last_name': 'KROEGER', 'suffix': None, 'suffix_display': None}, 'covered_position': 'Senior Associate', 'new': False}, {'lobbyist': {'id': 48922, 'prefix': 'mr', 'prefix_display': 'MR.', 'first_name': 'NICCOLO', 'nickname': None, 'middle_name': 'S', 'last_name': 'DELUCA', 'suffix': None, 'suffix_display': None}, 'covered_position': 'Senior Director', 'new': False}], 'government_entities': []}, {'general_issue_code': 'ENV', 'general_issue_code_display': 'Environment/Superfund', 'description': 'parks', 'foreign_entity_issues': '', 'lobbyists': [{'lobbyist': {'id': 66072, 'prefix': None, 'prefix_display': None, 'first_name': 'LAURA', 'nickname': None, 'middle_name': None, 'last_name': 'KROEGER', 'suffix': None, 'suffix_display': None}, 'covered_position': 'Senior Associate', 'new': False}, {'lobbyist': {'id': 68141, 'prefix': None, 'prefix_display': None, 'first_name': 'ERIC', 'nickname': None, 'middle_name': None, 'last_name': ""O'DONNELL"", 'suffix': None, 'suffix_display': None}, 'covered_position': 'Senior Associate', 'new': False}, {'lobbyist': {'id': 48922, 'prefix': 'mr', 'prefix_display': 'MR.', 'first_name': 'NICCOLO', 'nickname': None, 'middle_name': 'S', 'last_name': 'DELUCA', 'suffix': None, 'suffix_display': None}, 'covered_position': 'Senior Director', 'new': False}], 'government_entities': []}, {'general_issue_code': 'BUD', 'general_issue_code_display': 'Budget/Appropriations', 'description': 'appropriations, COVID 19', 'foreign_entity_issues': '', 'lobbyists': [{'lobbyist': {'id': 66072, 'prefix': None, 'prefix_display': None, 'first_name': 'LAURA', 'nickname': None, 'middle_name': None, 'last_name': 'KROEGER', 'suffix': None, 'suffix_display': None}, 'covered_position': 'Senior Associate', 'new': False}, {'lobbyist': {'id': 68141, 'prefix': None, 'prefix_display': None, 'first_name': 'ERIC', 'nickname': None, 'middle_name': None, 'last_name': ""O'DONNELL"", 'suffix': None, 'suffix_display': None}, 'covered_position': 'Senior Associate', 'new': False}, {'lobbyist': {'id': 48922, 'prefix': 'mr', 'prefix_display': 'MR.', 'first_name': 'NICCOLO', 'nickname': None, 'middle_name': 'S', 'last_name': 'DELUCA', 'suffix': None, 'suffix_display': None}, 'covered_position': 'Senior Director', 'new': False}], 'government_entities': [{'id': 2, 'name': 'HOUSE OF REPRESENTATIVES'}, {'id': 1, 'name': 'SENATE'}]}, {'general_issue_code': 'TEC', 'general_issue_code_display': 'Telecommunications', 'description': 'wireless infrastructure', 'foreign_entity_issues': '', 'lobbyists': [{'lobbyist': {'id': 66072, 'prefix': None, 'prefix_display': None, 'first_name': 'LAURA', 'nickname': None, 'middle_name': None, 'last_name': 'KROEGER', 'suffix': None, 'suffix_display': None}, 'covered_position': 'Senior Associate', 'new': False}, {'lobbyist': {'id': 68141, 'prefix': None, 'prefix_display': None, 'first_name': 'ERIC', 'nickname': None, 'middle_name': None, 'last_name': ""O'DONNELL"", 'suffix': None, 'suffix_display': None}, 'covered_position': 'Senior Associate', 'new': False}, {'lobbyist': {'id': 48922, 'prefix': 'mr', 'prefix_display': 'MR.', 'first_name': 'NICCOLO', 'nickname': None, 'middle_name': 'S', 'last_name': 'DELUCA', 'suffix': None, 'suffix_display': None}, 'covered_position': 'Senior Director', 'new': False}], 'government_entities': [{'id': 2, 'name': 'HOUSE OF REPRESENTATIVES'}, {'id': 1, 'name': 'SENATE'}]}, {'general_issue_code': 'NAT', 'general_issue_code_display': 'Natural Resources', 'description': 'infrastructure funding', 'foreign_entity_issues': '', 'lobbyists': [{'lobbyist': {'id': 66072, 'prefix': None, 'prefix_display': None, 'first_name': 'LAURA', 'nickname': None, 'middle_name': None, 'last_name': 'KROEGER', 'suffix': None, 'suffix_display': None}, 'covered_position': 'Senior Associate', 'new': False}, {'lobbyist': {'id': 68141, 'prefix': None, 'prefix_display': None, 'first_name': 'ERIC', 'nickname': None, 'middle_name': None, 'last_name': ""O'DONNELL"", 'suffix': None, 'suffix_display': None}, 'covered_position': 'Senior Associate', 'new': False}, {'lobbyist': {'id': 48922, 'prefix': 'mr', 'prefix_display': 'MR.', 'first_name': 'NICCOLO', 'nickname': None, 'middle_name': 'S', 'last_name': 'DELUCA', 'suffix': None, 'suffix_display': None}, 'covered_position': 'Senior Director', 'new': False}], 'government_entities': [{'id': 2, 'name': 'HOUSE OF REPRESENTATIVES'}, {'id': 1, 'name': 'SENATE'}]}, {'general_issue_code': 'TRA', 'general_issue_code_display': 'Transportation', 'description': 'port issues, infrastructure regulations', 'foreign_entity_issues': '', 'lobbyists': [{'lobbyist': {'id': 48922, 'prefix': 'mr', 'prefix_display': 'MR.', 'first_name': 'NICCOLO', 'nickname': None, 'middle_name': 'S', 'last_name': 'DELUCA', 'suffix': None, 'suffix_display': None}, 'covered_position': 'Senior Director', 'new': False}, {'lobbyist': {'id': 66072, 'prefix': None, 'prefix_display': None, 'first_name': 'LAURA', 'nickname': None, 'middle_name': None, 'last_name': 'KROEGER', 'suffix': None, 'suffix_display': None}, 'covered_position': 'Senior Associate', 'new': False}, {'lobbyist': {'id': 68141, 'prefix': None, 'prefix_display': None, 'first_name': 'ERIC', 'nickname': None, 'middle_name': None, 'last_name': ""O'DONNELL"", 'suffix': None, 'suffix_display': None}, 'covered_position': 'Senior Associate', 'new': False}], 'government_entities': [{'id': 2, 'name': 'HOUSE OF REPRESENTATIVES'}]}]",[],[],[],"['URB', 'AVI', 'LAW', 'ENV', 'BUD', 'TEC', 'NAT', 'TRA']",1,0,1,0,1,1,0,0,0,1,0,0,1,0,0,0,0,0,0,0,1,1,8,0,159065,https://lda.senate.gov/api/v1/clients/159065/,963,CITY OF CARSON,City Work,False,,CA,California,US,United States of America,CA,California,US,United States of America,2014-05-01,54734,https://lda.senate.gov/api/v1/registrants/54734/,35094,"TOWNSEND PUBLIC AFFAIRS, INC",government affairs,1401 Dove Street,Suite 330,,,Newport Beach,CA,California,92660,US,United States of America,US,United States of America,AMANDA CONKLIN,+1 949-399-9050,2024-01-30T17:47:31.253712-05:00
https://lda.senate.gov/api/v1/filings/a317f157-b2c2-4159-988e-5e28cdca2638/,a317f157-b2c2-4159-988e-5e28cdca2638,1@,1st Quarter - Termination Amendment,2021,first_quarter,1st Quarter (Jan 1 - Mar 31),https://lda.senate.gov/filings/public/filing/a317f157-b2c2-4159-988e-5e28cdca2638/print/,text/html,,,,,Braxton Counts III,2022-11-23T11:41:50-05:00,2021-01-01,United States of America,,51 Tacon Street,,False,MOBILE,AL,36608,"{'id': 401105691, 'url': 'https://lda.senate.gov/api/v1/registrants/401105691/', 'house_registrant_id': 401105691, 'name': 'DUNCANCOUNTS, LLC', 'description': 'a city', 'address_1': '51 Tacon Street', 'address_2': None, 'address_3': None, 'address_4': None, 'city': 'MOBILE', 'state': 'AL', 'state_display': 'Alabama', 'zip': '36608', 'country': 'US', 'country_display': 'United States of America', 'ppb_country': 'US', 'ppb_country_display': 'United States of America', 'contact_name': 'TONI THOMPSON', 'contact_telephone': '+1 251-599-4371', 'dt_updated': '2023-08-07T14:25:17.443688-04:00'}","{'id': 205876, 'url': 'https://lda.senate.gov/api/v1/clients/205876/', 'client_id': 12, 'name': 'CHARLOTTESVILLE ALBEMARLE AIRPORT AUTHORITY', 'general_description': 'Airport', 'client_government_entity': False, 'client_self_select': True, 'state': 'AL', 'state_display': 'Alabama', 'country': 'US', 'country_display': 'United States of America', 'ppb_state': 'AL', 'ppb_state_display': 'Alabama', 'ppb_country': 'US', 'ppb_country_display': 'United States of America', 'effective_date': '2020-04-21'}","[{'general_issue_code': 'TRA', 'general_issue_code_display': 'Transportation', 'description': 'cares act', 'foreign_entity_issues': '', 'lobbyists': [{'lobbyist': {'id': 92850, 'prefix': None, 'prefix_display': None, 'first_name': 'BRAXTON', 'nickname': None, 'middle_name': 'C', 'last_name': 'COUNTS', 'suffix': 'iii', 'suffix_display': 'III'}, 'covered_position': None, 'new': False}, {'lobbyist': {'id': 80155, 'prefix': None, 'prefix_display': None, 'first_name': 'JOHN', 'nickname': None, 'middle_name': None, 'last_name': 'DUNCAN', 'suffix': 'jr', 'suffix_display': 'JR'}, 'covered_position': 'Former Congressman', 'new': False}], 'government_entities': [{'id': 172, 'name': 'Federal Aviation Administration (FAA)'}]}]",[],[],[],['TRA'],0,0,1,0,0,0,0,0,0,0,0,0,0,0,0,0,0,0,0,0,0,0,1,0,205876,https://lda.senate.gov/api/v1/clients/205876/,12,CHARLOTTESVILLE ALBEMARLE AIRPORT AUTHORITY,Airport,False,True,AL,Alabama,US,United States of America,AL,Alabama,US,United States of America,2020-04-21,401105691,https://lda.senate.gov/api/v1/registrants/401105691/,401105691,"DUNCANCOUNTS, LLC",a city,51 Tacon Street,,,,MOBILE,AL,Alabama,36608,US,United States of America,US,United States of America,TONI THOMPSON,+1 251-599-4371,2023-08-07T14:25:17.443688-04:00
